"ID","Description","GeneRatio","BgRatio","RichFactor","FoldEnrichment","zScore","pvalue","p.adjust","qvalue","geneID","Count"
"GO:0030545","signaling receptor regulator activity","49/989","278/12392",0.176258992805755,2.20849488255705,6.0015743560079,9.75489524714293e-08,4.41812208279552e-05,4.41812208279552e-05,"P2RY1/ADA2/IL16/TGFB3/VEGFC/MANF/JAG2/CD274/SEMA6A/GPI/SEMA4F/VEGFB/NRXN3/CCN3/CKLF/DLL4/SEMA5B/INHBB/ADM/NAMPT/EFNB2/LGALS3/PDGFA/APLN/PDGFD/LAMC1/CLEC2B/TYMP/FGF11/NMB/CCL5/IL18BP/FASLG/CD86/JAG1/GPNMB/SELPLG/LYN/VEGFA/CXCL9/STC2/HLA-E/CCL4/TNFSF13B/FKBP1A/TGFA/PECAM1/CXCL10/C3",49
"GO:0038187","pattern recognition receptor activity","13/989","29/12392",0.448275862068966,5.61681949722813,7.33029954211495,9.99575131854189e-08,4.41812208279552e-05,4.41812208279552e-05,"SCARB1/CD36/TLR4/GZMK/PTAFR/CLEC4A/NOD1/TLR3/MSR1/TLR2/CLEC7A/LY96/TLR7",13
"GO:0048018","receptor ligand activity","44/989","247/12392",0.178137651821862,2.23203415710467,5.75989050533345,3.23275787618145e-07,7.78597326741136e-05,7.78597326741136e-05,"ADA2/IL16/TGFB3/VEGFC/MANF/JAG2/CD274/SEMA6A/GPI/SEMA4F/VEGFB/CCN3/CKLF/DLL4/SEMA5B/INHBB/ADM/NAMPT/EFNB2/LGALS3/PDGFA/APLN/PDGFD/LAMC1/CLEC2B/TYMP/FGF11/NMB/CCL5/FASLG/CD86/JAG1/GPNMB/SELPLG/VEGFA/CXCL9/STC2/HLA-E/CCL4/TNFSF13B/TGFA/PECAM1/CXCL10/C3",44
"GO:0030546","signaling receptor activator activity","45/989","256/12392",0.17578125,2.20250884732053,5.72548447278043,3.52306482688297e-07,7.78597326741136e-05,7.78597326741136e-05,"ADA2/IL16/TGFB3/VEGFC/MANF/JAG2/CD274/SEMA6A/GPI/SEMA4F/VEGFB/CCN3/CKLF/DLL4/SEMA5B/INHBB/ADM/NAMPT/EFNB2/LGALS3/PDGFA/APLN/PDGFD/LAMC1/CLEC2B/TYMP/FGF11/NMB/CCL5/FASLG/CD86/JAG1/GPNMB/SELPLG/LYN/VEGFA/CXCL9/STC2/HLA-E/CCL4/TNFSF13B/TGFA/PECAM1/CXCL10/C3",45
"GO:0071813","lipoprotein particle binding","9/989","23/12392",0.391304347826087,4.90297621664395,5.51739770920245,3.70852560227147e-05,0.00546389438734663,0.00546389438734663,"SCARB1/CD36/CDH13/APOL2/ABCA1/MSR1/VLDLR/TREM2/SCARF1",9
"GO:0071814","protein-lipid complex binding","9/989","23/12392",0.391304347826087,4.90297621664395,5.51739770920245,3.70852560227147e-05,0.00546389438734663,0.00546389438734663,"SCARB1/CD36/CDH13/APOL2/ABCA1/MSR1/VLDLR/TREM2/SCARF1",9
"GO:0001530","lipopolysaccharide binding","9/989","24/12392",0.375,4.69868554095045,5.34127642271258,5.51552613785408e-05,0.0061011704091776,0.0061011704091776,"SCARB1/TLR4/PTAFR/TLR2/LY96/TREM2/P2RX7/SPON2/CD6",9
"GO:0005544","calcium-dependent phospholipid binding","11/989","35/12392",0.314285714285714,3.93794597717752,5.12581664116433,5.52142118477611e-05,0.0061011704091776,0.0061011704091776,"CPNE2/ESYT2/ANXA2/ESYT1/ANXA6/DYSF/SYT11/ANXA1/DOC2A/SYT13/ANXA4",11
"GO:0042287","MHC protein binding","8/989","22/12392",0.363636363636364,4.55630113061862,4.91662155216271,0.000185674470386639,0.0182373590913098,0.0182373590913098,"CD8A/TAP1/CYRIB/CLEC7A/HLA-E/DERL1/FCRL6/TUBB",8
"GO:0050839","cell adhesion molecule binding","62/989","497/12392",0.124748490945674,1.56307714843154,3.7731635978841,0.00026333826735484,0.0232791028341679,0.0232791028341679,"GOLGA3/P4HB/CBL/CD200/CD1D/FMNL2/CEMIP2/CDH13/PDLIM1/IQGAP1/ITGA1/ITGBL1/ESYT2/ANXA2/PLIN3/NOTCH3/TNKS1BP1/ALDOA/NRXN3/CCN3/TAGLN2/RPS26/CD151/SIRPA/WASF2/EIF4H/AHNAK/PCDHGC3/HSPG2/CDH5/ARHGAP1/NCK1/PCDH17/EDIL3/CAPZA1/ITGAX/EMB/CPE/ISG15/ITGB2/RAN/TES/PFKP/GPNMB/ANXA1/LYN/PKM/LDHA/PTPRM/VWF/EGFR/EFHD2/ENO1/LCP1/CDH6/NLGN1/ACTN1/BZW2/RARS1/ASAP1/DBNL/ITGB1",62
"GO:0004888","transmembrane signaling receptor activity","55/989","431/12392",0.127610208816705,1.59893398145259,3.72713914185649,0.00032939835320047,0.0264716494753832,0.0264716494753832,"GRM8/P2RY1/IL4R/PLXNA2/CD247/CXCR4/TLR4/PTPRC/HRH2/PTAFR/EDA2R/IFNAR2/CD300A/IL2RG/ABCA1/FAS/NRXN3/CLEC4A/GPR4/FCGR2A/PTPRE/LPAR5/IL17RA/TLR3/CD3E/MET/GPR34/MR1/CD200R1/LAIR1/OR51E1/PTPRU/GRIK3/IL15RA/VLDLR/PLXNA3/TLR2/CSF3R/ITGB2/P2RY13/CCRL2/TREM2/ADGRL4/PTPRM/CD27/PTPRK/EGFR/SCARF1/P2RX7/PLXNC1/FCGR3A/OSMR/EVI2A/FCRL6/PECAM1",55
"GO:0005200","structural constituent of cytoskeleton","16/989","78/12392",0.205128205128205,2.57022115060538,4.0968523448714,0.000368462348233316,0.0271433929865209,0.0271433929865209,"LMNB1/ARPC5/TUBB6/ARPC1B/DMD/ACTB/NEFL/BICD1/ACTG2/ACTA2/TUBA1A/TPM1/ARPC3/TUBA1B/DBNL/TUBB",16
"GO:0030169","low-density lipoprotein particle binding","6/989","14/12392",0.428571428571429,5.36992633251481,4.81786533239114,0.000436884059929092,0.0297081160751783,0.0297081160751783,"SCARB1/CD36/CDH13/MSR1/TREM2/SCARF1",6
"GO:0001786","phosphatidylserine binding","11/989","44/12392",0.25,3.1324570273003,4.17301627133355,0.000521696014239035,0.0329413768990934,0.0329413768990934,"C1QB/SCARB1/ANXA2/CD300A/ANXA6/C1QC/C1QA/TREM2/ANXA1/ANXA4/SYTL2",11
"GO:0003756","protein disulfide isomerase activity","6/989","15/12392",0.4,5.01193124368049,4.57860499441502,0.000679212072824703,0.0353836039857732,0.0353836039857732,"P4HB/PDIA4/TXNDC5/PDIA5/CRELD2/QSOX2",6
"GO:0016864","intramolecular oxidoreductase activity, transposing S-S bonds","6/989","15/12392",0.4,5.01193124368049,4.57860499441502,0.000679212072824703,0.0353836039857732,0.0353836039857732,"P4HB/PDIA4/TXNDC5/PDIA5/CRELD2/QSOX2",6
"GO:0043028","cysteine-type endopeptidase regulator activity involved in apoptotic process","8/989","26/12392",0.307692307692308,3.85533172590807,4.29210547523663,0.00068045392280333,0.0353836039857732,0.0353836039857732,"SERPINB9/ATP2A3/BIRC3/NOD1/TNFAIP8/NOL3/CD27/CASP1",8
"GO:0140375","immune receptor activity","16/989","84/12392",0.19047619047619,2.38663392556214,3.75534189978438,0.000870615312068072,0.0410085551995279,0.0410085551995279,"IL4R/CD247/CXCR4/IFNAR2/IL2RG/FCGR2A/IL17RA/CD3E/MR1/CD200R1/LAIR1/IL15RA/CSF3R/CCRL2/FCGR3A/OSMR",16
"GO:0030246","carbohydrate binding","26/989","169/12392",0.153846153846154,1.92766586295403,3.57591991475678,0.000881405598179898,0.0410085551995279,0.0410085551995279,"PYGL/GPCPD1/CEMIP2/CANX/GPI/ALDOA/PPP1R3G/CLEC4A/HEXB/CD34/SLC2A8/PPP1R3B/LOXL2/PLOD3/LGALS3/GALNT1/CLEC2B/LMAN2/PAM/PPP1R3C/CLEC14A/CLEC7A/HK1/HK2/GANAB/EGLN3",26
"GO:0019864","IgG binding","5/989","11/12392",0.454545454545455,5.69537641327328,4.58807656692775,0.000984732259171896,0.0418745303857948,0.0418745303857948,"C1QB/FCGR2A/C1QC/C1QA/FCGR3A",5
"GO:0008083","growth factor activity","16/989","85/12392",0.188235294117647,2.35855587937905,3.70128588453564,0.000994756943553949,0.0418745303857948,0.0418745303857948,"ADA2/TGFB3/VEGFC/MANF/JAG2/GPI/VEGFB/CCN3/INHBB/PDGFA/PDGFD/TYMP/FGF11/JAG1/VEGFA/TGFA",16
"GO:0017116","single-stranded DNA helicase activity","7/989","22/12392",0.318181818181818,3.98676348929129,4.12923011952811,0.00118393575032241,0.0455043131863048,0.0455043131863048,"MCM2/RFC4/RFC5/MCM6/MCM5/RFC2/MCM7",7
"GO:0019865","immunoglobulin binding","7/989","22/12392",0.318181818181818,3.98676348929129,4.12923011952811,0.00118393575032241,0.0455043131863048,0.0455043131863048,"C1QB/FCGR2A/C1QC/LGALS3/C1QA/VWF/FCGR3A",7
