"ID","Description","setSize","enrichmentScore","NES","pvalue","p.adjust","qvalue","rank","leading_edge","core_enrichment","log2err"
"hsa05169","Epstein-Barr virus infection",160,0.615215293114364,2.1070120150091,2.34826278678965e-09,8.26588500949956e-07,4.43506153968001e-07,2561,"tags=41%, list=19%, signal=34%","8819/567/3133/1643/3134/3627/919/4938/355/1026/5601/953/7979/6890/8717/864/581/4939/7188/595/7128/4940/9636/1017/7097/51135/3455/4067/890/5713/55080/916/3516/7431/3683/4193/5971/6773/5925/3665/6502/958/960/3654/2923/4791/6892/7186/3716/4794/836/811/4615/29110/578/9612/894/637/4609/9641/917/9020/7297/207/3383/5603",0.774939030136436
"hsa05168","Herpes simplex virus 1 infection",141,0.61494490784956,2.08934520890295,4.77935156692171e-08,8.41165875778221e-06,4.5132764608603e-06,2431,"tags=36%, list=18%, signal=30%","567/3133/3134/7098/4938/6352/355/330/6890/8717/581/4939/7188/1978/5501/4940/356/718/7097/51135/3455/6672/5500/55080/5371/64170/6773/3460/8683/3665/3654/2923/6892/7186/3716/836/811/7132/4615/64135/6427/6429/684/8740/29110/578/3459/637/9641/148022/7297",0.719512826338911
"hsa00630","Glyoxylate and dicarboxylate metabolism",30,-0.868797969492229,-2.04386871413518,1.37130180731587e-05,0.000804497060291979,0.000431652988976507,970,"tags=67%, list=7%, signal=62%","1738/5095/84693/4190/39/4594/847/55902/48/38/132158/6470/9380/64902/5096/112817/125061/2731/51179/189",0.593325476396405
"hsa04623","Cytosolic DNA-sensing pathway",63,0.669256824564865,2.02246576333597,1.29857743197925e-05,0.000804497060291979,0.000431652988976507,2335,"tags=30%, list=17%, signal=25%","3627/1777/6352/197259/834/25939/51428/6351/3428/11277/1687/3606/114548/3665/836/51082/29108/29110/9641",0.593325476396405
"hsa00640","Propanoate metabolism",30,-0.854519647268211,-2.01027860790937,4.16435744714128e-05,0.00113992277060393,0.000611625691901205,970,"tags=60%, list=7%, signal=56%","1738/5095/84693/4594/55902/8802/8801/55862/4329/51/1962/5096/3945/594/8803/18/26275/1892",0.557332238758646
"hsa00260","Glycine, serine and threonine metabolism",32,-0.844031651799224,-2.00524193313188,5.01423003731385e-06,0.000453765450813332,0.000243467904117337,1082,"tags=62%, list=8%, signal=58%","23464/1738/211/55349/113675/29968/4128/2628/132158/6470/9380/64902/501/635/26227/2731/1757/1491/1610/189",0.610526878385931
"hsa00280","Valine, leucine and isoleucine degradation",47,-0.796182106150234,-2.00056741337036,2.40630438061892e-05,0.000971386468128875,0.000521197519686377,1274,"tags=57%, list=9%, signal=52%","224/5019/549/1738/5095/84693/56922/39/4594/64087/38/36/11112/223/219/27034/4329/64902/1962/501/5096/594/18/217/316/26275/1892",0.575610261071129
"hsa04115","p53 signaling pathway",63,0.65942021090647,1.99273993369769,2.48365858328406e-05,0.000971386468128875,0.000521197519686377,2349,"tags=38%, list=17%, signal=32%","6241/1643/355/1026/27113/581/3486/595/1029/55240/1017/64393/891/51246/4193/64065/836/6477/84883/8795/894/637/10848/25946",0.575610261071129
"hsa04961","Endocrine and other factor-regulated calcium reabsorption",42,-0.794769665247185,-1.98738238879467,4.10468810652848e-05,0.00113992277060393,0.000611625691901205,181,"tags=14%, list=1%, signal=14%","7421/5578/476/3816/5745/793",0.557332238758646
"hsa04960","Aldosterone-regulated sodium reabsorption",30,-0.844602403667993,-1.98694804702328,8.58905586715832e-05,0.00167963759179985,0.000901209740448987,372,"tags=23%, list=3%, signal=23%","6340/6337/5578/3758/476/3291/6338",0.538434096309916
"hsa00380","Tryptophan metabolism",33,-0.816431617743822,-1.95398109018634,0.0001219892081027,0.00179481485886509,0.000963008116160655,1533,"tags=64%, list=11%, signal=57%","23498/55526/224/26/1738/4128/39/1743/847/38/130013/223/2639/219/1962/501/1644/125061/217/316/1892",0.538434096309916
"hsa05100","Bacterial invasion of epithelial cells",73,0.618266656575576,1.93192852304056,3.22462781538402e-05,0.00113506899101518,0.000609021395912158,2063,"tags=33%, list=15%, signal=28%","858/857/3059/10095/9844/4233/10552/10092/60/867/10094/391/10163/3688/10801/2335/6464/81873/8936/1731/3611/8218/10109/23176",0.557332238758646
"hsa00410","beta-Alanine metabolism",25,-0.846844395531863,-1.89819035296231,0.000329742094293503,0.0035498619445867,0.00190467882912919,489,"tags=48%, list=4%, signal=46%","223/219/51733/4329/1807/51/1962/501/18/217/26275/1892",0.49849310876659
"hsa00020","Citrate cycle (TCA cycle)",29,-0.79916179799629,-1.89402588540428,0.000465464528533459,0.00468124325839365,0.00251172160141688,1252,"tags=62%, list=9%, signal=56%","6391/55753/3417/1738/2271/4190/1743/8802/48/8801/6390/5091/5160/6392/5162/8803/5105/5106",0.49849310876659
"hsa01210","2-Oxocarboxylic acid metabolism",29,-0.795761112763757,-1.88596620853449,0.000538772425777658,0.00486276650958297,0.00260911792243782,1612,"tags=55%, list=12%, signal=49%","587/2806/55526/55753/3417/1738/1743/48/84706/5160/64902/5162/2875/594/95/189",0.477270815362862
"hsa04966","Collecting duct acid secretion",24,-0.835949589194178,-1.88454988632797,0.000273142312262194,0.00331538254883766,0.00177886888273642,1026,"tags=42%, list=8%, signal=39%","155066/526/245973/127124/523/525/50617/245972/1188/6521",0.49849310876659
"hsa05162","Measles",106,0.580320048179546,1.87862200847758,5.15642557742423e-06,0.000453765450813332,0.000243467904117337,2515,"tags=39%, list=19%, signal=32%","4938/355/5601/27113/3561/8717/581/4939/595/7128/7099/1459/4940/356/1017/7097/51135/3455/51284/916/2213/6773/4478/3665/3654/3716/836/1457/4615/64135/3310/29110/4599/578/894/8667/637/9641/917/7297/207",0.610526878385931
"hsa00350","Tyrosine metabolism",19,-0.838642124801051,-1.8759891156409,0.0011569400479796,0.00831107952834328,0.0044593106638933,777,"tags=37%, list=6%, signal=35%","4128/130/3081/1644/316/125/3242",0.45505986738723
"hsa05140","Leishmaniasis",53,0.635817229958736,1.87454342688413,0.000242840322084335,0.00305284976334593,0.00163800688689431,1866,"tags=36%, list=14%, signal=31%","2214/4688/3689/7043/7099/718/7097/51135/2212/653361/3688/2209/3676/3460/4689/3654/7040/3716/4615",0.518848077743792
"hsa00330","Arginine and proline metabolism",41,-0.762045996026294,-1.868955272709,0.000635535260095286,0.00532559899936569,0.00285745074734292,1274,"tags=41%, list=9%, signal=38%","224/84735/26/4128/4953/4942/2628/223/219/501/79814/112817/112483/217/58510/8659/1610",0.477270815362862
"hsa00071","Fatty acid degradation",37,-0.769727113680622,-1.86887563513202,0.000650570332308877,0.00532559899936569,0.00285745074734292,1750,"tags=57%, list=13%, signal=50%","2181/30/34/2180/23305/224/23205/39/130/38/36/223/2639/219/51/1962/501/10455/217/125/1892",0.477270815362862
"hsa04940","Type I diabetes mellitus",18,0.813968015678991,1.86860170379923,0.000332799557305003,0.0035498619445867,0.00190467882912919,864,"tags=39%, list=6%, signal=36%","3133/3134/355/5551/1363/356/942",0.49849310876659
"hsa05416","Viral myocarditis",47,0.644367898792322,1.8662176899813,0.000200390932185744,0.00261250400479192,0.00140173932018129,1310,"tags=26%, list=10%, signal=23%","857/3133/3134/3689/5551/60/595/942/1756/8082/3683/5880",0.518848077743792
"hsa00620","Pyruvate metabolism",41,-0.760668658851397,-1.86557728556814,0.000681923899351099,0.00545539119480879,0.00292709076453391,970,"tags=51%, list=7%, signal=48%","1738/2271/4190/10327/39/130/55902/38/223/219/5091/9380/5160/3029/5162/501/3945/5105/217/125/5106",0.477270815362862
"hsa00190","Oxidative phosphorylation",120,-0.645876418043827,-1.84894204951555,0.000101160500029427,0.0017272351467368,0.000926748213950743,1792,"tags=39%, list=13%, signal=34%","4720/4729/4707/7386/4728/4709/4697/4715/4704/6391/522/516/4723/1352/515/518/51606/4512/155066/526/4722/1329/7385/27068/7384/245973/4705/4536/7388/6390/4539/127124/4538/523/525/4535/4540/4513/4541/6392/50617/4508/4514/4537/4519/245972/64077",0.538434096309916
"hsa04146","Peroxisome",74,-0.699215849146041,-1.84871662360111,0.000122373740377165,0.00179481485886509,0.000963008116160655,2243,"tags=43%, list=17%, signal=36%","1891/25961/5052/51268/5195/2182/8528/5830/2181/30/2180/23305/54677/10901/5264/1384/3417/8309/6342/847/26061/5827/55825/11001/51/5825/1962/10455/51179/2053/1610/189",0.518848077743792
"hsa05332","Graft-versus-host disease",16,0.818822969349887,1.83646448168858,0.000495837814644728,0.0047348522118621,0.00254048549148275,864,"tags=38%, list=6%, signal=35%","3133/3134/355/5551/356/942",0.477270815362862
"hsa00650","Butanoate metabolism",21,-0.826213448823296,-1.83007137459344,0.000752212619537379,0.00587280729569298,0.00315105542082263,727,"tags=48%, list=5%, signal=45%","39/38/348158/79944/1962/7915/622/18/6296/1892",0.477270815362862
"hsa05320","Autoimmune thyroid disease",14,0.817935493743194,1.82997856427057,0.000802377237767719,0.00588409974362994,0.00315711438504443,864,"tags=43%, list=6%, signal=40%","3133/3134/355/5551/356/942",0.477270815362862
"hsa05330","Allograft rejection",14,0.817935493743194,1.82997856427057,0.000802377237767719,0.00588409974362994,0.00315711438504443,864,"tags=43%, list=6%, signal=40%","3133/3134/355/5551/356/942",0.477270815362862
"hsa03250","Viral life cycle - HIV-1",59,0.614008854366665,1.82267711071175,0.000537962241609513,0.00486276650958297,0.00260911792243782,3026,"tags=39%, list=22%, signal=30%","4131/7852/25939/5901/200316/140564/636/29969/128866/27350/9146/5045/684/4599/85363/6598/5478/904/920/4130/60489/27125/55201",0.477270815362862
"hsa00053","Ascorbate and aldarate metabolism",19,-0.810283833426852,-1.81255342074447,0.00364432524312584,0.0200437888371921,0.0107544971747291,2092,"tags=74%, list=16%, signal=62%","54578/54657/54658/224/7364/54600/10327/9365/9104/223/219/501/55586/217",0.431707695803346
"hsa03030","DNA replication",32,0.695126606704377,1.81155064652774,0.000497697533633232,0.0047348522118621,0.00254048549148275,3051,"tags=62%, list=23%, signal=48%","4174/4175/5984/6742/4171/5982/4176/5985/54107/57804/5111/5983/6117/5422/6119/6118/3978/5425/5424/10535",0.477270815362862
"hsa04380","Osteoclast differentiation",109,0.549613896395804,1.80694885648983,9.37784934343722e-05,0.0017272351467368,0.000926748213950743,1891,"tags=26%, list=14%, signal=22%","2214/140885/3937/6688/4688/5601/488/54209/7305/9846/3455/2212/489/653361/2209/5971/2213/6773/11006/3460/4689/7046/7040/4791/7186/3716/7132/5604",0.538434096309916
"hsa04621","NOD-like receptor signaling pathway",137,0.52189821369079,1.7878261906925,7.88670705618258e-05,0.00164787952915843,0.000884169948335516,2185,"tags=34%, list=16%, signal=28%","2634/4938/6352/330/834/5601/4939/5027/9140/7188/7128/115362/7099/4940/10135/51393/10392/51135/3455/5585/3428/7416/5330/3606/64170/23236/10010/115361/6773/114769/2635/114548/3665/10616/5332/7186/3716/7226/4615/837/22861/24145/22900/29108/1536/29110",0.538434096309916
"hsa00982","Drug metabolism - cytochrome P450",38,-0.738825109774364,-1.78763551567872,0.00220571773955061,0.0131595363444375,0.0070607507186662,2092,"tags=47%, list=16%, signal=40%","54578/54657/2327/2330/2938/54658/2946/1576/7364/2939/54600/4128/130/2329/2326/316/125/2947",0.431707695803346
"hsa04964","Proximal tubule bicarbonate reclamation",16,-0.848651903973852,-1.77318978269051,0.00690748059414136,0.0324191089218368,0.0173944765702276,810,"tags=50%, list=6%, signal=47%","4190/762/1468/358/5105/8671/476/5106",0.407017918923954
"hsa00250","Alanine, aspartate and glutamate metabolism",32,-0.74395428422511,-1.76747912697494,0.000767469135232606,0.00587280729569298,0.00315105542082263,607,"tags=31%, list=5%, signal=30%","339983/435/84706/64902/2875/7915/18/8659/445/189",0.477270815362862
"hsa05203","Viral carcinogenesis",152,0.509254003068548,1.7526336695241,4.20994205052587e-05,0.00113992277060393,0.000611625691901205,2331,"tags=26%, list=17%, signal=22%","1030/3133/3134/7533/5315/1026/8717/581/7188/595/1029/718/1017/87/4067/890/6672/9586/3516/4193/468/7534/5925/8841/4055/3665/6502/27044/4791/7186/3716/7532/836/2934/2965/5902/5933/578/894/998",0.557332238758646
"hsa04061","Viral protein interaction with cytokine and cytokine receptor",46,0.617367759349145,1.75214127675033,0.000610407273470977,0.00524056976248254,0.00281182830064599,2183,"tags=41%, list=16%, signal=35%","7852/3627/6352/4283/3561/6351/57007/3606/6364/4055/1524/1235/3587/6376/7132/7133/8795/8740/1435",0.477270815362862
"hsa05166","Human T-cell leukemia virus 1 infection",182,0.500499693948199,1.74604095160098,1.99741026685964e-05,0.000971386468128875,0.000521197519686377,2725,"tags=34%, list=20%, signal=27%","6513/1030/567/3133/3134/6688/1026/3689/5601/3561/821/109/581/5901/7043/595/3601/1029/1017/9232/64784/890/2113/916/9586/7416/4487/3683/5971/468/8829/5925/4055/7046/958/7040/4791/3716/3600/811/7132/5604/293/5902/894/111/7094/4609/10393/917/1031/9020/29945/207/3383/545/3718/1111/7042/920/3932",0.575610261071129
"hsa04668","TNF signaling pathway",104,0.536663472775074,1.74485315704001,0.000163434390523549,0.00230115621857157,0.00123468563015978,2793,"tags=36%, list=21%, signal=28%","7424/3627/6352/197259/355/330/79651/5601/8717/182/7188/7128/9586/83786/1906/64285/468/6364/8986/3659/7186/3600/836/6376/7132/5604/7412/7133/3976/1435/9020/207/3383/5603/4323/1326/7185",0.518848077743792
"hsa05144","Malaria",33,0.660127508935821,1.7337653573415,0.00199878228099993,0.0125637743377139,0.00674109454636449,2862,"tags=58%, list=21%, signal=45%","3689/4233/948/7043/7099/5175/7097/2995/3606/3683/958/7040/4615/7058/7412/975/3383/7042/4035",0.431707695803346
"hsa04330","Notch signaling pathway",55,0.590498508796245,1.73278854438295,0.00218231066414258,0.0131595363444375,0.0070607507186662,1536,"tags=24%, list=11%, signal=21%","3714/26508/23462/182/151636/4854/23493/54567/7088/3516/6310/83464/441478",0.431707695803346
"hsa00040","Pentose and glucuronate interconversions",22,-0.767264412770202,-1.73109322125866,0.0131892635389815,0.0529090523892485,0.0283883580624209,2092,"tags=59%, list=16%, signal=50%","54578/54657/54658/7364/9942/54600/6652/28970/10327/9365/51084/27294/51181",0.380730400722792
"hsa00340","Histidine metabolism",16,-0.826150956068216,-1.72617586480463,0.0139358256260937,0.054155459416637,0.0290571178943814,1436,"tags=69%, list=11%, signal=62%","3176/224/84735/26/4128/223/219/10841/501/144193/217",0.380730400722792
"hsa05135","Yersinia infection",126,0.512094885743454,1.72592990448902,0.000195460816406548,0.00261250400479192,0.00140173932018129,2775,"tags=37%, list=21%, signal=30%","9815/3937/925/10095/834/5601/9844/2533/10552/10092/60/7099/7456/10094/51135/391/2212/5585/10163/3688/7454/3606/7409/3676/5880/2335/114548/81873/3654/7186/4615/5604/10109/29108/29110/998/148022/10097/3984/207/387/5603/23396/3678/920/3932/71",0.518848077743792
"hsa00534","Glycosaminoglycan biosynthesis - heparan sulfate / heparin",17,-0.81313842780118,-1.7243091714747,0.00520364581332259,0.0273385571087993,0.0146685059185117,644,"tags=18%, list=5%, signal=17%","9394/9953/90161",0.407017918923954
"hsa00561","Glycerolipid metabolism",50,-0.679229765698226,-1.71978168071354,0.0071602712084909,0.0327326683816727,0.0175627169339784,981,"tags=28%, list=7%, signal=26%","26007/1607/10327/2710/223/4023/219/132158/501/84649/129642/1056/196051/217",0.407017918923954
"hsa00980","Metabolism of xenobiotics by cytochrome P450",42,-0.68634729243572,-1.71626394567968,0.00536372720537859,0.0276913803238449,0.0148578132545751,3097,"tags=60%, list=23%, signal=46%","119391/79799/2949/246181/128/1645/374875/221/8574/54578/54657/2938/54658/2946/1576/7364/2939/54600/873/22977/130/27294/2052/125/2947",0.407017918923954
"hsa04742","Taste transduction",24,-0.75652020262508,-1.70548568991609,0.00550680858712824,0.0276913803238449,0.0148578132545751,959,"tags=29%, list=7%, signal=27%","2555/8645/6340/6337/5136/6326/6338",0.407017918923954
"hsa04650","Natural killer cell mediated cytotoxicity",76,0.554879454651264,1.699960366448,0.00127616113555567,0.00898417439431188,0.00482045979059694,3033,"tags=47%, list=22%, signal=37%","2214/3133/3937/919/355/3689/5551/7462/7305/6452/356/3455/4068/7409/3683/5880/6464/3460/10870/2207/836/5604/8795/3384/3459/637/3824/5777/3383/3932/25759/6654/3845/5335/4893/7535",0.45505986738723
"hsa04064","NF-kappa B signaling pathway",84,0.532977103197417,1.69716740461319,0.00131510949369019,0.00907683415252834,0.00487017639438099,2409,"tags=33%, list=18%, signal=28%","60401/330/10673/8717/7188/7128/7099/1459/51135/6351/4067/7329/23643/5971/4055/958/3654/4791/7186/353376/1457/7132/4615/7412/8740/10848/148022/9020",0.45505986738723
"hsa04613","Neutrophil extracellular trap formation",107,0.520265676682574,1.69411895937614,0.000294709226964765,0.0034519599917574,0.00185214952523084,1933,"tags=31%, list=14%, signal=27%","2214/7450/4688/3689/834/64581/60/7099/9555/6404/718/7097/51284/2212/653361/7416/728/2209/5330/23236/3683/5880/55766/3014/2357/8841/2359/4689/5332/10533/5604/837/293",0.49849310876659
"hsa00790","Folate biosynthesis",19,-0.757164353684338,-1.69372852168624,0.0143068748468047,0.054155459416637,0.0290571178943814,967,"tags=42%, list=7%, signal=39%","4338/873/5053/249/4337/2643/10243/8836",0.380730400722792
"hsa05163","Human cytomegalovirus infection",176,0.481707964005344,1.68747322237572,0.000103045278640548,0.0017272351467368,0.000926748213950743,1891,"tags=26%, list=14%, signal=22%","7422/7852/567/3133/3134/1956/6352/355/1026/2791/6890/8717/109/581/7188/595/1029/1978/2771/59345/356/6667/6351/55080/9586/5330/23236/4193/5880/468/11214/2778/5925/5332/2923/6892/7186/3716/3587/836/6376/811/54331/7132/5604",0.538434096309916
"hsa05171","Coronavirus disease",188,0.485755823936293,1.68356124456129,5.41916618974259e-05,0.00136253321342099,0.000731067350251697,3472,"tags=54%, list=26%, signal=40%","7450/3627/6157/6175/7098/1956/4938/834/5601/4939/6202/116832/714/6137/6139/7099/4940/9636/51187/718/6189/6132/6143/713/7097/51135/6188/3455/6171/51284/2212/6231/712/5648/728/6173/6193/6207/6773/8829/6181/6187/114548/6168/6154/6164/719/3654/3716/11224/7132/4615/64135/6134/25873/51065/6223/6233/6158/1536/23521/29110/4599/2266/9641/6141/6122/7297/200916/5603/6203/6206/6124/6142/6204/6167/6169/4312/6133/716/6228/5335/9349/6155/6868/6230/6129/7187/10379/6224/23586/6229/6147/6208/6160/715/6205/6170/6130/6217/340061",0.557332238758646
"hsa04110","Cell cycle",129,0.503364592681987,1.68081168768816,0.000435633664165526,0.00451008969959604,0.00241988914002523,2667,"tags=33%, list=20%, signal=27%","1030/7533/4174/1026/81620/7043/4175/595/1029/4171/1017/9232/699/890/4176/9319/8317/891/5001/4193/990/7534/5925/26271/8454/23063/6502/5111/7040/7532/994/5933/894/1663/4609/157570/10393/1031/29945/545/10459/1111/7042",0.49849310876659
"hsa00220","Arginine biosynthesis",15,-0.796953161185622,-1.67769407021735,0.0159351241203821,0.057236364187495,0.0307101776987394,568,"tags=33%, list=4%, signal=32%","435/84706/2875/95/445",0.352487857583619
"hsa05170","Human immunodeficiency virus 1 infection",167,0.481257742089848,1.67751314577972,0.000109527532607668,0.00175244052172269,0.00094027216075918,2706,"tags=36%, list=20%, signal=29%","7852/567/3133/3134/919/355/2791/5601/6890/25939/8905/8717/581/7188/7099/2771/59345/356/200316/140564/7097/51135/3985/9616/55080/916/891/5062/5880/27350/8454/3654/2923/6892/7186/836/811/1072/54331/7132/4615/5604/7133/684/6198/8906/29110/578/637/8450/85363/917/3984/207/5603/545/2782/1111/2790/920",0.538434096309916
"hsa05167","Kaposi sarcoma-associated herpesvirus infection",149,0.491248274161426,1.67476767842986,0.00030400784018318,0.0034519599917574,0.00185214952523084,2561,"tags=31%, list=19%, signal=25%","7422/3133/3134/7098/355/1026/57580/2791/5601/8717/581/595/59345/6932/718/7316/3455/4067/942/9976/131450/3055/6773/5925/285/3665/7186/3716/836/54331/7132/5604/5155/6233/29110/578/3459/637/51176/4609/9641/148022/7297/207/3383/5603",0.49849310876659
"hsa03430","Mismatch repair",21,0.685712346012083,1.67373372267689,0.00651324932536146,0.031406352911332,0.0168510822178857,2851,"tags=67%, list=21%, signal=53%","5984/6742/5982/5985/2956/57804/5111/5983/6117/6119/6118/3978/5425/5424",0.407017918923954
"hsa00670","One carbon pool by folate",34,-0.690926767957445,-1.67046452375248,0.00796327008023662,0.0350474230743635,0.0188046988269698,1888,"tags=53%, list=14%, signal=46%","4144/441024/2653/29958/10840/10768/4522/1738/55349/191/6470/10841/501/635/23743/2731/1757/1491",0.380730400722792
"hsa04217","Necroptosis",113,0.501493627696691,1.66432794327192,0.000571621875060525,0.00503027250053262,0.0026989932808868,2446,"tags=33%, list=18%, signal=27%","5836/7098/197259/355/330/834/5601/8717/581/7188/7128/7099/9555/356/3455/7416/128866/55766/6773/3014/114548/3460/10616/7186/3716/353376/7132/293/8795/29108/1536/3459/637/148022/7297/5478/3015",0.477270815362862
"hsa05132","Salmonella infection",221,0.457232502814831,1.6642864475292,7.48633718594338e-05,0.00164787952915843,0.000884169948335516,2331,"tags=28%, list=17%, signal=24%","6281/10376/197259/330/10095/84617/834/302/5601/9844/5788/5898/10552/8717/3071/581/10092/60/79026/7099/6932/338382/10392/10094/203068/7097/51135/27072/6188/257364/7846/391/23643/5585/2597/1780/3606/27128/84790/6237/114548/81873/51164/399/3654/7186/836/7132/4615/5604/837/57381/10109/5216/8795/29108/3840/578/23191/51176/4609/998",0.538434096309916
"hsa05131","Shigellosis",208,0.470011312737393,1.65333639288512,7.95850908968558e-05,0.00164787952915843,0.000884169948335516,2185,"tags=28%, list=16%, signal=24%","3099/3059/1956/6352/10095/834/5601/9844/10552/8717/581/10092/60/9140/7188/7322/7099/718/87/7316/10392/10094/11335/10163/3098/3688/7416/5330/3606/23236/27128/4193/10801/1729/10318/114548/81873/8454/8936/10616/5332/960/7321/7186/3611/7132/4615/837/9181/80201/10109/23176/5216/6233/29108/51196/6198/29110",0.538434096309916
"hsa01200","Carbon metabolism",100,-0.593391601385218,-1.65227566258181,0.00156220793628822,0.0103754187466689,0.0055669321057023,981,"tags=42%, list=7%, signal=39%","26007/3417/1738/2271/5095/84693/113675/29968/4190/39/1743/4594/847/55902/8802/48/8801/38/84706/9104/6390/414328/132158/6470/4329/5091/5160/64902/6392/51/5162/5096/2875/8803/26227/2731/51179/26275/1892/229/2203/189",0.45505986738723
"hsa00360","Phenylalanine metabolism",10,-0.850021303048032,-1.64147285124955,0.00710048674624112,0.0327326683816727,0.0175627169339784,777,"tags=40%, list=6%, signal=38%","4128/5053/1644/3242",0.407017918923954
"hsa05204","Chemical carcinogenesis - DNA adducts",37,-0.669968221344037,-1.62666386947898,0.0135219011922136,0.0534798788725753,0.0286946350768149,3097,"tags=54%, list=23%, signal=42%","119391/79799/1646/2949/1551/374875/54578/54657/2938/54658/2946/1576/7364/2939/54600/9/873/5743/2052/2947",0.380730400722792
"hsa00270","Cysteine and methionine metabolism",44,-0.656070549020125,-1.62203391872381,0.0096626168357156,0.0409788087490589,0.0219871844836924,1918,"tags=39%, list=14%, signal=33%","4357/4144/55256/587/2806/10768/113675/29968/4190/191/64902/7263/635/3945/26227/23743/1491",0.380730400722792
"hsa01212","Fatty acid metabolism",52,-0.635527601075798,-1.62153236778193,0.0146158200130128,0.054155459416637,0.0290571178943814,2170,"tags=42%, list=16%, signal=36%","51144/3032/2182/109703458/2181/30/34/2180/23305/27349/9524/23205/84869/6342/39/38/36/51495/51/1962/79966/1892",0.380730400722792
"hsa01240","Biosynthesis of cofactors",128,-0.566869221171846,-1.61944956955846,0.00167993192638668,0.0109506673720021,0.0058755818208915,2145,"tags=37%, list=16%, signal=31%","349565/23475/54578/54657/122481/4144/441024/5372/133686/8566/54658/587/23498/51109/9054/93100/224/55163/51004/7364/4522/51117/1352/54600/53354/2235/1738/4338/211/29968/10327/50808/9104/249/205/4337/219/210/2643/10243/6470/145226/125061/8836/217/554235/3242",0.45505986738723
"hsa00130","Ubiquinone and other terpenoid-quinone biosynthesis",11,-0.794694239112779,-1.61174636528844,0.029220420457399,0.0871660000085124,0.046768927194271,13,"tags=9%, list=0%, signal=9%","3242",0.352487857583619
"hsa00785","Lipoic acid metabolism",17,-0.758769568886871,-1.6090167208128,0.0163196211721805,0.0580253197233086,0.0311334918809937,2771,"tags=76%, list=21%, signal=61%","275/1629/11019/1737/2653/55526/55753/1738/1743/5160/5162/594/2731",0.352487857583619
"hsa04066","HIF-1 signaling pathway",95,0.492729879161198,1.59994061011642,0.00301059518259842,0.0173726148241745,0.00932127845497765,686,"tags=19%, list=5%, signal=18%","3099/6513/7422/2026/5230/5214/226/5163/112399/1956/230/1026/2023/3939/1978/7099/7018/3162",0.431707695803346
"hsa05143","African trypanosomiasis",22,-0.708655617148212,-1.59886072471806,0.0296001466803938,0.087556736399148,0.0469785768489988,146,"tags=9%, list=1%, signal=9%","5578/3827",0.352487857583619
"hsa00430","Taurine and hypotaurine metabolism",12,-0.793786825086815,-1.59313375717641,0.0276168830837688,0.0830866909870652,0.0445801734759821,2237,"tags=58%, list=17%, signal=49%","124975/2327/2330/339896/2678/2329/2326",0.352487857583619
"hsa04148","Efferocytosis",131,0.472770876922822,1.58918335575563,0.00174063360218946,0.0111400550540125,0.00597719780316181,2037,"tags=27%, list=15%, signal=24%","6513/140885/3988/240/834/19/9844/488/948/714/84465/338382/5175/713/100133941/27072/8578/489/712/10396/102/558/55754/80824/29933/196527/1524/7040/1901/836/6376/811/5604/1846/24145/6566",0.45505986738723
"hsa04974","Protein digestion and absorption",64,-0.598618642218397,-1.58529149536281,0.00648195246393108,0.031406352911332,0.0168510822178857,734,"tags=20%, list=5%, signal=19%","4311/6519/8645/1285/340024/11136/59272/1287/1298/476/1286/153201/7512",0.407017918923954
"hsa04620","Toll-like receptor signaling pathway",78,0.514064337175283,1.58455489269204,0.00356234932342373,0.0199039200292882,0.0106794505499789,2561,"tags=36%, list=19%, signal=29%","3627/7098/6352/5601/4283/7099/7097/51135/6351/3455/51284/23643/942/6773/3665/958/3654/3716/353376/4615/5604/29110/9641/7096/148022/7297/207/5603",0.431707695803346
"hsa03440","Homologous recombination",35,0.588813638737486,1.57355403209625,0.0220528790498678,0.0725477890238643,0.0389255244319011,2888,"tags=51%, list=21%, signal=41%","7979/675/6742/57804/7517/4683/51720/10111/6117/6119/6118/580/79728/5889/4361/5425/5424/5893",0.352487857583619
"hsa03050","Proteasome",43,0.555410769955732,1.57347689373164,0.0149428070186367,0.0542255713019776,0.0290947364344156,2239,"tags=23%, list=17%, signal=19%","5699/5696/7979/5698/5713/5683/51371/5682/9491/5688",0.380730400722792
"hsa00532","Glycosaminoglycan biosynthesis - chondroitin sulfate / dermatan sulfate",19,0.663051731409257,1.57188005462028,0.0247818513843294,0.0785874926782337,0.0421661281129074,3390,"tags=68%, list=25%, signal=51%","55790/51363/22856/113189/50515/29940/64132/54480/56548/11285/26229/55454/126792",0.352487857583619
"hsa00052","Galactose metabolism",22,0.63452623474251,1.55957375149474,0.0226539324992427,0.073835039256791,0.0396161986904271,59,"tags=9%, list=0%, signal=9%","3099/5214",0.352487857583619
"hsa03420","Nucleotide excision repair",53,0.526914951365325,1.55347309268883,0.0144553674473854,0.054155459416637,0.0290571178943814,2917,"tags=34%, list=22%, signal=27%","1643/5984/5982/5985/54107/57804/5111/5983/2965/6117/5436/6119/6118/8450/3978/5425/5424/1022",0.380730400722792
"hsa04210","Apoptosis",123,0.467709773374691,1.55219211186798,0.0022806460702084,0.013379790278556,0.00717892799200708,2409,"tags=28%, list=18%, signal=23%","8996/10376/1520/355/330/5551/4001/5601/27113/8717/1521/581/60/356/1509/7846/84790/4803/468/9451/84823/1439/7186/836/7132/5604/2081/1522/8795/578/4000/637/1519/9020",0.431707695803346
"hsa00830","Retinol metabolism",31,-0.654520692805453,-1.55216698529084,0.0440456769983687,0.123048240503379,0.0660215474029287,1638,"tags=48%, list=12%, signal=43%","54658/51109/317749/1576/7364/10901/54600/8228/157506/130/56603/8854/145226/316/125",0.276500599254472
"hsa04062","Chemokine signaling pathway",136,0.46176359366541,1.55030915868136,0.00213719480884824,0.0131595363444375,0.0070607507186662,3010,"tags=36%, list=22%, signal=28%","7852/3627/6352/57580/2869/2791/9844/4283/109/2771/59345/409/6351/4067/653361/1794/3055/7454/5330/23236/7409/5880/6773/6464/3702/6364/58191/5332/1524/1235/6376/54331/5604/111/998/2829/10235/207/387/2782/3718/2790/729230/5908/25759/6654/3845/5335/4893",0.431707695803346
"hsa04614","Renin-angiotensin system",17,-0.730421118431338,-1.54890211861677,0.0267998753066955,0.0813998412781642,0.0436750940732843,1709,"tags=41%, list=13%, signal=36%","5547/1636/290/185/4311/59272/3816",0.352487857583619
"hsa04060","Cytokine-cytokine receptor interaction",135,0.455531613438894,1.52480331662003,0.00333313855343652,0.0189236253356396,0.0101534733208792,2815,"tags=47%, list=21%, signal=37%","60401/7852/3627/6352/355/939/10673/3603/4283/3561/7043/1441/3601/356/3625/23765/6351/3455/9180/3566/84957/8744/57007/3606/7293/4803/6364/58191/3460/4055/10220/7046/958/1524/7040/1439/1235/3600/3587/94/6376/7132/9235/7133/8795/8740/3976/1435/4804/3459/9518/3574/3556/51330/2829/3597/1436/7042/23529/920/50615/729230/3624",0.431707695803346
"hsa05164","Influenza A",127,0.452722921377211,1.51884364673104,0.00442050949726171,0.0235760506520625,0.0126497326522621,2559,"tags=36%, list=19%, signal=30%","3627/7098/4938/6352/355/834/8717/581/4939/60/7099/4940/356/51135/3455/51284/5371/7416/3606/6773/114548/3460/3665/3716/836/5611/7132/4615/64135/3838/5604/293/4261/8795/29108/29110/4599/578/3459/4928/637/9641/148022/7297/207/3383",0.407017918923954
"hsa05145","Toxoplasmosis",83,0.483043529667902,1.51505535195906,0.00885902486598406,0.0384984784299554,0.0206563629695634,2667,"tags=37%, list=20%, signal=30%","240/330/3915/5601/7043/7099/2771/7097/51135/23643/3688/3909/3460/958/3654/7040/3716/3587/836/7132/4615/4261/3914/3310/3459/7297/207/3910/5603/3911/7042",0.380730400722792
"hsa04971","Gastric acid secretion",53,-0.593076277886178,-1.51486092985389,0.0483091787439614,0.132850241545894,0.071280812174408,753,"tags=17%, list=6%, signal=16%","3766/2770/3773/6752/5578/3758/476/3772/115111",0.261663521711573
"hsa05211","Renal cell carcinoma",68,0.495593715847778,1.51368982345804,0.0149428420917381,0.0542255713019776,0.0290947364344156,390,"tags=10%, list=3%, signal=10%","6513/7422/112399/7039/1026/4233/7043",0.380730400722792
"hsa05210","Colorectal cancer",80,0.486563221580971,1.51343451457298,0.0145313538949464,0.054155459416637,0.0290571178943814,2552,"tags=31%, list=19%, signal=25%","1643/7039/1956/1026/5601/27113/5898/581/7043/595/6932/8312/2956/5880/7046/7040/836/5900/5604/6198/578/51176/4609/207/387",0.380730400722792
"hsa04610","Complement and coagulation cascades",59,-0.584611430064349,-1.5128710925798,0.031009569978395,0.0909614052699585,0.04880535231792,336,"tags=10%, list=2%, signal=10%","5104/2160/730/5624/5340/3827",0.352487857583619
"hsa05133","Pertussis",57,0.510696419522928,1.51194374255077,0.0217676969599256,0.0722851823574888,0.0387846227952624,2680,"tags=47%, list=20%, signal=38%","3689/834/5601/714/7099/2771/718/3394/10392/713/51135/23643/712/3688/114548/3659/3654/836/1072/353376/4615/29108/148022/710/387/5603/3678",0.352487857583619
"hsa03320","PPAR signaling pathway",58,-0.577491129395181,-1.51163311771998,0.0385208012326656,0.111141983884412,0.0596332440631588,1909,"tags=45%, list=14%, signal=39%","2182/10999/3158/2181/30/364/34/2180/23305/7314/1582/23205/2710/8309/6342/1593/4023/440503/5465/11001/51/1962/5105/2168/79966/5106",0.287857117255149
"hsa05212","Pancreatic cancer",71,0.491865978037316,1.50807866076561,0.00668820121807851,0.0318141463346437,0.0170698838254311,493,"tags=17%, list=4%, signal=16%","7422/1643/7039/1956/1026/5601/5898/581/7043/675/595/1029",0.407017918923954
"hsa04666","Fc gamma R-mediated phagosome formation",89,0.466461127991292,1.50641929896453,0.0116963728910381,0.048436744207593,0.0259887406001333,2005,"tags=33%, list=15%, signal=28%","2214/10095/5788/10552/50807/10092/9846/3635/10094/4067/2212/3985/10163/653361/3055/7454/2209/7409/5880/2213/7408/81873/8936/1072/4082/5338/5604/2934/10109",0.380730400722792
"hsa05161","Hepatitis B",134,0.44082761751417,1.5061028998045,0.0054957430269649,0.0276913803238449,0.0148578132545751,2667,"tags=30%, list=20%, signal=24%","1643/7098/355/1026/5601/581/7043/7099/356/1017/3339/7097/51135/890/9586/468/7534/6773/5925/3665/7046/5111/3654/7040/3716/836/353376/4615/64135/5604/29110/637/4609/9641/148022/7297/207/5603/3718/7042",0.407017918923954
"hsa04081","Hormone signaling",107,-0.536445387948404,-1.50515507780559,0.0190626446938247,0.065146125555595,0.0349541610582213,1557,"tags=21%, list=12%, signal=19%","115/3667/3690/117247/6567/658/2788/153/2057/185/2690/7067/9630/2642/5618/4881/2770/6751/1733/6752/7068/10411/5745",0.352487857583619
"hsa00310","Lysine degradation",59,-0.578585315183589,-1.49727657195494,0.0439024390243902,0.123048240503379,0.0660215474029287,1360,"tags=34%, list=10%, signal=31%","55526/224/63976/84444/1738/79813/8424/39/1743/79823/38/223/2639/219/123688/1962/501/217/1892/2122",0.276500599254472
"hsa04928","Parathyroid hormone synthesis, secretion and action",92,-0.533941369868296,-1.49197580367493,0.0234845732412686,0.0751506343720597,0.0403220813987897,609,"tags=13%, list=5%, signal=13%","9365/6569/2770/1594/1591/846/7421/5578/6559/65266/2625/5745",0.352487857583619
"hsa04144","Endocytosis",222,0.417911217867976,1.48188266713233,0.00135057356598293,0.00914234413896134,0.00490532578503427,1480,"tags=15%, list=11%, signal=13%","858/857/7852/11031/3133/3134/9815/1956/10095/2869/10552/3561/50807/10092/867/7456/10094/409/829/8411/5371/64744/9744/128866/116985/27128/4193/58513/30846/6455/51100/23527/81873",0.45505986738723
"hsa05208","Chemical carcinogenesis - reactive oxygen species",201,-0.485430243482623,-1.46873455311169,0.0132272630973121,0.0529090523892485,0.0283883580624209,1792,"tags=26%, list=13%, signal=23%","4720/4729/4707/2938/7386/2946/57412/50507/4728/4709/4697/4715/4704/6391/522/516/4723/515/518/2939/4512/5587/4722/873/1329/7385/292/10327/7384/847/4705/4536/4780/7388/6390/4539/4538/3091/1950/4535/4540/4513/2052/4541/6392/65010/4508/4514/5602/4537/4519/2053/2947",0.380730400722792
"hsa05322","Systemic lupus erythematosus",48,0.511451645795108,1.46470241459497,0.0268249476939405,0.0813998412781642,0.0436750940732843,1649,"tags=29%, list=12%, signal=26%","2214/714/9555/718/87/713/6737/2212/942/712/2209/55766/3014/958",0.352487857583619
"hsa04382","Cornified envelope formation",89,-0.528214227180096,-1.46354520333169,0.0420899854862119,0.120452641391436,0.0646288784049233,1945,"tags=27%, list=14%, signal=23%","55304/10999/55844/1832/1365/51099/3855/2125/9073/5521/9075/149461/5010/100506658/1285/10686/3728/5652/1287/9071/2053/57402/6273/1286",0.266350657088526
"hsa04218","Cellular senescence",131,0.435129111644673,1.46265342385574,0.00796532342599171,0.0350474230743635,0.0188046988269698,2710,"tags=30%, list=20%, signal=24%","1030/3133/3134/1026/3486/7043/595/1029/1978/5501/1017/890/2113/5500/891/7416/55957/4193/6237/5925/4683/10111/7046/7040/5604/293/5933/894/4609/3364/207/4361/5603/545/1111/7042/10758/83593/5499",0.380730400722792
"hsa04640","Hematopoietic cell lineage",54,0.494199147644585,1.45853844271401,0.0250685842298872,0.0787869790082168,0.0422731625258931,2706,"tags=43%, list=20%, signal=34%","925/912/948/1441/3672/914/100133941/947/3566/916/928/2209/3676/952/960/7037/2323/1435/3574/917/1436/3678/920",0.352487857583619
"hsa00520","Amino sugar and nucleotide sugar metabolism",34,0.544168367164284,1.4476687098598,0.0233406836339332,0.0751506343720597,0.0403220813987897,1598,"tags=18%, list=12%, signal=16%","3099/2821/3074/3098/5373/2582",0.352487857583619
"hsa05230","Central carbon metabolism in cancer",59,0.486236753651607,1.44338733059757,0.025873483629626,0.0798900547160382,0.0428650179220778,467,"tags=17%, list=3%, signal=16%","3099/6513/5214/5163/5315/1956/4233/9123/57103/3939",0.352487857583619
"hsa05130","Pathogenic Escherichia coli infection",172,0.413412979862408,1.44063108672321,0.00433011124251175,0.0234492178056021,0.0125816804741035,2571,"tags=35%, list=19%, signal=29%","10376/3059/9871/355/10095/84617/834/4690/5601/10552/8717/3071/581/10092/60/57121/7099/7456/356/10094/203068/51135/6188/7846/2212/2597/10163/3688/3606/27128/84790/4641/5062/55971/4627/114548/81873/8936/3654/7186/4542/836/7132/4615/837/9181/10109/8795/10802/29108/10672/578/9170/23191/998/10097/5777/387/1364/5603/64005",0.407017918923954
"hsa05134","Legionellosis",47,0.493099478087691,1.42811423513259,0.0214016355984775,0.0717464355301341,0.03849555812392,2360,"tags=28%, list=18%, signal=23%","3689/834/7099/718/7097/3606/4791/836/4615/29108/9554/3310/57396",0.352487857583619
"hsa05152","Tuberculosis",128,0.423071831640628,1.42358342587715,0.00617614636826719,0.0306197679102824,0.016429039946328,1866,"tags=26%, list=14%, signal=22%","2214/1520/3689/64581/5601/8717/581/7043/3687/7099/4046/1509/718/7097/51135/2212/8411/2209/8844/3606/64170/11151/2213/3460/10312/3654/7040/3716/3587/2207/836/7132/4615",0.407017918923954
"hsa04934","Cushing syndrome",103,0.43515446935372,1.41886061786766,0.0255034073292858,0.079444242300076,0.0426258172197122,1941,"tags=25%, list=14%, signal=22%","1030/1956/1026/109/595/1029/2771/6932/1017/6667/8312/949/9586/5330/23236/8321/3777/468/2778/5925/7482/5332/57552/196/5604/775",0.352487857583619
"hsa04145","Phagocytosis",199,0.399500592431015,1.41702465790309,0.00753031880511715,0.0339829771718107,0.0182335702571849,1608,"tags=24%, list=12%, signal=21%","2214/10376/4481/1520/3133/3134/84329/4688/84617/3689/64581/5873/6890/821/948/60/4069/9140/7099/23480/967/1509/718/338382/203068/7097/27072/7846/2212/6810/8411/949/653361/1780/3688/2209/29927/84790/11151/5880/2213/51164/51622/10312/9341/4689/221960",0.407017918923954
"hsa04714","Thermogenesis",196,-0.470505198507722,-1.41255279252654,0.0210902790466743,0.0713824829272052,0.0383002793135251,2168,"tags=30%, list=16%, signal=25%","498/4719/1537/57492/57104/107/10891/55471/2182/5606/4720/4729/2181/4707/7386/2180/115/6599/4728/4709/4697/23305/51103/4715/4704/6391/522/516/63976/4723/1352/515/518/4512/116228/4722/1329/7385/65260/7384/25915/4705/788/4536/4881/7388/6390/4539/4538/4535/4540/4513/4541/6392/4508/4514/4537/4519",0.352487857583619
"hsa04141","Protein processing in endoplasmic reticulum",160,0.403735045252932,1.38272666617544,0.0143640181166473,0.054155459416637,0.0290571178943814,2368,"tags=31%, list=18%, signal=26%","9871/5034/10960/30001/9601/5601/3703/51360/79139/821/581/7322/55973/23480/5589/23193/6747/6746/81567/11253/91319/29927/10484/51465/10970/468/9451/7494/6185/58505/8454/2923/7321/7186/10299/811/23471/5611/2081/200185/10130/10802/29978/9695/3310/578/10956/6748/6238/746",0.380730400722792
"hsa04611","Platelet activation",102,0.425631311577802,1.37113477510199,0.0173561971322299,0.0604889246588608,0.0324553393886806,2892,"tags=41%, list=21%, signal=33%","7450/6916/3937/5028/109/60/5501/2771/5742/4067/2212/2983/54518/5500/2982/3688/6786/5330/23236/2778/7408/83706/5332/4846/2207/10672/6915/2266/111/7094/5739/10235/207/387/5603/1277/5499/71/1281/9138/5908/8605",0.352487857583619
"hsa05417","Lipid and atherosclerosis",165,0.392695302090825,1.36255995096382,0.00950841932684505,0.0408166293054812,0.0219001670848401,2561,"tags=32%, list=19%, signal=26%","9619/6352/4688/355/7436/30001/834/19/5601/948/581/7099/356/7097/51135/4067/23643/653361/5330/3606/23236/7409/10010/468/9451/7494/114548/4689/3665/5332/4846/958/3654/7186/836/353376/7132/4615/7412/2081/8795/29108/3310/1536/29110/637/998/9641/148022/207/387/3383/5603",0.380730400722792
"hsa05205","Proteoglycans in cancer",168,0.395794003624711,1.36022552499826,0.0116303287574131,0.048436744207593,0.0259887406001333,1206,"tags=15%, list=9%, signal=14%","858/857/7422/3059/1956/355/1026/4233/8826/60/10855/595/7099/967/867/5501/356/3316/3339/7097/5500/3688/7409/8321/4193",0.380730400722792
"hsa04510","Focal adhesion",179,0.384952261716969,1.34995664216271,0.0168786900801217,0.0594129890820282,0.0318780460328573,1467,"tags=22%, list=11%, signal=20%","858/857/7450/7422/7424/1956/29780/330/3915/5601/4233/60/3672/595/5501/80310/5154/87/1282/7423/5500/3688/3909/7143/7409/3676/8515/1292/5062/1729/2013/1284/5880/7791/5228/2335/6464/2321/7408",0.352487857583619
"hsa05224","Breast cancer",106,0.416396268570518,1.34796513895811,0.0182580921771124,0.0630083181014076,0.0338071202261251,822,"tags=16%, list=6%, signal=15%","3714/1643/26508/1956/23462/1026/581/182/675/595/4854/1452/6932/23493/6667/54567/8312",0.352487857583619
"hsa05160","Hepatitis C",125,0.397794840352695,1.33414341208998,0.0434383786667637,0.123048240503379,0.0660215474029287,2554,"tags=30%, list=19%, signal=25%","7533/3627/7098/1956/4938/355/1026/8717/581/4939/595/4940/356/1017/3455/949/3646/7534/6773/5925/3665/7186/3716/7532/836/7132/5604/29110/4599/578/637/4609/9641/148022/7297/975/207/1364",0.321775918075361
"hsa04519","Cadherin signaling",236,0.365601891875257,1.31540112137035,0.0124784664486718,0.0510746533713077,0.027404111061217,2571,"tags=28%, list=19%, signal=23%","1012/7533/1956/1003/7004/10095/5601/4233/6324/10552/3071/2697/10092/60/5098/1452/5501/10184/6330/6932/87/10094/8312/1004/5500/27253/7431/81839/154810/102/7409/8321/4641/51466/6237/5880/7534/83464/7408/10186/81873/56133/8936/7482/3856/147138/7532/4542/51294/5604/56122/25937/10109/51474/2564/9344/54510/23191/55740/51176/998/22881/10097/56126/387/5603/64005",0.380730400722792
"hsa03010","Ribosome",167,0.370980966331846,1.29312298468863,0.0343639127023508,0.0999677460432023,0.0536377054816479,3792,"tags=42%, list=28%, signal=31%","6157/6175/6150/6202/116832/6137/6139/51187/6189/6132/6143/6188/6171/6231/6173/6193/65003/6207/6181/6187/6168/6154/6164/128308/11224/90480/6134/25873/51065/6223/6233/6158/23521/6141/6122/51258/200916/6203/6206/6124/6142/6204/6167/6169/6133/6228/9349/6155/6230/6129/6224/6229/6147/6208/6160/6183/51263/6205/6170/6130/6217/6232/2197/4736/6201/6161/63875/6135/6176/6156",0.321775918075361
"hsa05165","Human papillomavirus infection",262,0.339751337580224,1.2445418661331,0.0474107063763865,0.131406052318804,0.0705059322807576,1439,"tags=17%, list=11%, signal=16%","7450/7422/3133/3134/26508/5315/7098/1956/23462/355/1026/3915/8717/581/182/3672/595/1978/4854/57801/1452/9636/356/6932/1017/23493/3455/890/8312/1282/3688/9586/3516/3909/7143/3676/8515/8321/1292/4193/1284/6773/2335/2778/5925",0.321775918075361
