"category","subcategory","ID","Description","GeneRatio","BgRatio","RichFactor","FoldEnrichment","zScore","pvalue","p.adjust","qvalue","geneID","Count"
"Metabolism","Global and overview maps","hsa01200","Carbon metabolism","57/1136","100/5969",0.57,2.9950088028169,9.75344270024287,2.03117524056245e-17,7.08880158956293e-15,7.08880158956293e-15,"1738/55753/26227/6470/2023/5091/26007/1892/5160/226/26275/2731/847/1743/2597/2271/414328/55902/3099/4190/29968/9104/2821/229/84693/4594/3098/5230/5315/8803/83440/51179/230/5095/189/39/4329/6392/7167/6472/5096/113675/2203/2026/3417/5162/2875/6390/5214/8801/38/64902/51/84706/8802/48/132158",57
"Metabolism","Carbohydrate metabolism","hsa00010","Glycolysis / Gluconeogenesis","31/1136","49/5969",0.63265306122449,3.32421313595861,7.91969238968756,1.06677544541931e-11,1.86152315225669e-09,1.86152315225669e-09,"1738/217/2023/5105/3945/5160/130/10327/226/2597/219/55902/3099/5106/2821/229/223/3098/5230/5315/83440/230/7167/125/501/2203/2026/5162/130589/3939/5214",31
"Metabolism","Carbohydrate metabolism","hsa00630","Glyoxylate and dicarboxylate metabolism","21/1136","30/5969",0.7,3.67808098591549,7.12890530863431,1.54717917140382e-09,1.79988510273312e-07,1.79988510273312e-07,"1738/6470/2731/847/55902/112817/4190/84693/4594/51179/5095/189/125061/39/6472/5096/38/64902/9380/48/132158",21
"Metabolism","Amino acid metabolism","hsa00260","Glycine, serine and threonine metabolism","21/1136","32/5969",0.65625,3.44820092429577,6.73183864125205,9.41897566444552e-09,8.21805626722871e-07,8.21805626722871e-07,"1738/26227/6470/4128/23464/2731/211/1491/29968/1610/189/55349/635/6472/501/113675/1757/2628/64902/9380/132158",21
"Metabolism","Amino acid metabolism","hsa00280","Valine, leucine and isoleucine degradation","26/1136","47/5969",0.553191489361702,2.90669014084507,6.36194666208688,2.87557523997057e-08,2.00715151749946e-06,2.00715151749946e-06,"1738/217/1892/549/26275/586/56922/219/84693/64087/223/4594/1962/18/27034/5095/39/4329/501/594/5096/36/316/38/64902/11112",26
"Metabolism","Carbohydrate metabolism","hsa00640","Propanoate metabolism","19/1136","30/5969",0.633333333333333,3.32778755868545,6.1964433382558,1.14274800655334e-07,6.46540625256419e-06,6.46540625256419e-06,"1738/3945/1892/55862/26275/55902/84693/4594/1962/18/8803/5095/4329/594/5096/3939/8801/51/8802",19
"Metabolism","Carbohydrate metabolism","hsa00620","Pyruvate metabolism","23/1136","41/5969",0.560975609756098,2.94759103400893,6.06639622563937,1.2967863543825e-07,6.46540625256419e-06,6.46540625256419e-06,"1738/217/5105/3945/5091/5160/130/10327/2271/219/55902/3029/4190/5106/223/5315/39/125/501/5162/3939/38/9380",23
"Metabolism","Carbohydrate metabolism","hsa00020","Citrate cycle (TCA cycle)","18/1136","29/5969",0.620689655172414,3.26135259834871,5.91792199298196,3.87410247215815e-07,1.69007720347899e-05,1.69007720347899e-05,"1738/55753/5105/5091/5160/1743/2271/4190/5106/8803/6392/3417/5162/6390/8801/47/8802/48",18
"Metabolism","Global and overview maps","hsa01230","Biosynthesis of amino acids","27/1136","57/5969",0.473684210526316,2.48892698295033,5.47568921676294,1.01149708823203e-06,3.92236093103308e-05,3.92236093103308e-05,"26227/6470/2023/5091/435/226/2597/586/1491/29968/229/440/5230/445/5315/230/7167/6472/113675/2026/3417/2875/5214/95/5053/84706/48",27
"Metabolism","Amino acid metabolism","hsa00380","Tryptophan metabolism","18/1136","33/5969",0.545454545454545,2.8660371318822,5.21105288387323,5.33276000055774e-06,0.000186113324019465,0.000186113324019465,"1738/217/1892/26/4128/130013/847/1743/219/223/1962/125061/39/1644/2639/501/316/38",18
"Organismal Systems","Endocrine system","hsa03320","PPAR signaling pathway","24/1136","58/5969",0.413793103448276,2.17423506556581,4.35646007025055,6.62413731058053e-05,0.00210165811035691,0.00210165811035691,"5465/5105/123/6319/11001/10580/5106/79966/2710/1582/1962/2168/23205/7314/7316/948/6342/4023/2171/51129/1593/51/8309/440503",24
"Metabolism","Metabolism of other amino acids","hsa00410","beta-Alanine metabolism","13/1136","25/5969",0.52,2.73228873239437,4.20771251640744,0.000212900678069066,0.00619186138717533,0.00619186138717533,"217/1892/26275/219/54498/1807/223/1962/18/4329/501/51733/51",13
"Metabolism","Global and overview maps","hsa01210","2-Oxocarboxylic acid metabolism","14/1136","29/5969",0.482758620689655,2.53660757649344,4.02127637156344,0.00033333424901592,0.00894874253127354,0.00894874253127354,"1738/55753/5160/1743/586/189/594/3417/5162/2875/95/64902/84706/48",14
"Metabolism","Energy metabolism","hsa00190","Oxidative phosphorylation","38/1136","120/5969",0.316666666666667,1.66389377934272,3.56158724257974,0.000574532468316701,0.0143222736744663,0.0143222736744663,"4705/7385/4508/4539/515/51606/4538/525/517/4723/4722/155066/7388/4519/64077/127124/27068/526/518/4541/4514/7384/6392/4535/4512/4540/84701/523/1329/56901/1352/4513/6390/245973/50617/4536/4537/245972",38
"Cellular Processes","Transport and catabolism","hsa04145","Phagocytosis","56/1136","199/5969",0.281407035175879,1.47862552197608,3.32912161081432,0.000965138195252809,0.0224555486762153,0.0224555486762153,"6810/4069/84329/78989/949/64581/8411/51606/79861/525/7099/2214/4688/3689/3688/155066/6844/967/83657/718/3133/127124/1520/526/4481/7846/338382/23480/671/2212/23710/84617/3134/1509/51626/27072/6890/653361/523/948/7097/10376/9140/60/249/7280/245973/50617/213/1780/821/5873/22925/347733/245972/203068",56
"Metabolism","Amino acid metabolism","hsa00310","Lysine degradation","21/1136","59/5969",0.355932203389831,1.87021067080449,3.25650571878078,0.00196128698373812,0.0403354718259227,0.0403354718259227,"1738/217/1892/79823/1743/219/56950/79813/2122/223/1962/79709/39/84444/2639/501/123688/8985/38/8424/85007",21
"Metabolism","Lipid metabolism","hsa00071","Fatty acid degradation","15/1136","37/5969",0.405405405405405,2.13016273315569,3.34300055464659,0.00196476510326844,0.0403354718259227,0.0403354718259227,"217/1892/130/10455/219/223/1962/39/23205/2639/125/501/36/38/51",15
"Metabolism","Amino acid metabolism","hsa00330","Arginine and proline metabolism","16/1136","41/5969",0.390243902439024,2.05049811061491,3.27211291384819,0.00224968327750681,0.042552890727441,0.042552890727441,"217/26/4128/58510/8659/219/54498/112483/112817/4953/223/1610/501/79814/4942/2628",16
"Metabolism","Metabolism of cofactors and vitamins","hsa00670","One carbon pool by folate","14/1136","34/5969",0.411764705882353,2.16357705053853,3.29852225967196,0.0023166330195455,0.042552890727441,0.042552890727441,"1738/6470/191/2731/1491/55349/635/7298/6472/501/25902/1757/23743/10841",14
"Metabolism","Carbohydrate metabolism","hsa00650","Butanoate metabolism","10/1136","21/5969",0.476190476190476,2.50209590878605,3.34285089766531,0.00273161471589403,0.0476666767923508,0.0476666767923508,"1892/622/79944/1962/6296/18/348158/39/7915/38",10
