"Gene_ID","GSE24455","GSE63183","Dataset_Count"
18,"Yes","Yes",2
34,"Yes","Yes",2
36,"Yes","Yes",2
38,"Yes","Yes",2
48,"Yes","Yes",2
55,"Yes","Yes",2
72,"Yes","Yes",2
87,"Yes","Yes",2
95,"Yes","Yes",2
125,"Yes","Yes",2
130,"Yes","Yes",2
133,"Yes","Yes",2
185,"Yes","Yes",2
189,"Yes","Yes",2
205,"Yes","Yes",2
210,"Yes","Yes",2
213,"Yes","Yes",2
219,"Yes","Yes",2
224,"Yes","Yes",2
226,"Yes","Yes",2
229,"Yes","Yes",2
240,"Yes","Yes",2
249,"Yes","Yes",2
259,"Yes","Yes",2
285,"Yes","Yes",2
287,"Yes","Yes",2
288,"Yes","Yes",2
313,"Yes","Yes",2
316,"Yes","Yes",2
330,"Yes","Yes",2
341,"Yes","Yes",2
350,"Yes","Yes",2
359,"Yes","Yes",2
364,"Yes","Yes",2
379,"Yes","Yes",2
397,"Yes","Yes",2
443,"Yes","Yes",2
445,"Yes","Yes",2
476,"Yes","Yes",2
498,"Yes","Yes",2
525,"Yes","Yes",2
549,"Yes","Yes",2
558,"Yes","Yes",2
613,"Yes","Yes",2
635,"Yes","Yes",2
655,"Yes","Yes",2
670,"Yes","Yes",2
687,"Yes","Yes",2
712,"Yes","Yes",2
713,"Yes","Yes",2
714,"Yes","Yes",2
718,"Yes","Yes",2
730,"Yes","Yes",2
760,"Yes","Yes",2
762,"Yes","Yes",2
793,"Yes","Yes",2
825,"Yes","Yes",2
846,"Yes","Yes",2
847,"Yes","Yes",2
857,"Yes","Yes",2
858,"Yes","Yes",2
861,"Yes","Yes",2
866,"Yes","Yes",2
891,"Yes","Yes",2
914,"Yes","Yes",2
919,"Yes","Yes",2
942,"Yes","Yes",2
949,"Yes","Yes",2
957,"Yes","Yes",2
958,"Yes","Yes",2
960,"Yes","Yes",2
967,"Yes","Yes",2
1007,"Yes","Yes",2
1014,"Yes","Yes",2
1028,"Yes","Yes",2
1029,"Yes","Yes",2
1056,"Yes","Yes",2
1104,"Yes","Yes",2
1154,"Yes","Yes",2
1184,"Yes","Yes",2
1188,"Yes","Yes",2
1282,"Yes","Yes",2
1284,"Yes","Yes",2
1285,"Yes","Yes",2
1286,"Yes","Yes",2
1290,"Yes","Yes",2
1292,"Yes","Yes",2
1295,"Yes","Yes",2
1298,"Yes","Yes",2
1301,"Yes","Yes",2
1306,"Yes","Yes",2
1356,"Yes","Yes",2
1393,"Yes","Yes",2
1404,"Yes","Yes",2
1428,"Yes","Yes",2
1462,"Yes","Yes",2
1464,"Yes","Yes",2
1468,"Yes","Yes",2
1475,"Yes","Yes",2
1491,"Yes","Yes",2
1512,"Yes","Yes",2
1515,"Yes","Yes",2
1521,"Yes","Yes",2
1524,"Yes","Yes",2
1536,"Yes","Yes",2
1576,"Yes","Yes",2
1579,"Yes","Yes",2
1594,"Yes","Yes",2
1602,"Yes","Yes",2
1610,"Yes","Yes",2
1629,"Yes","Yes",2
1643,"Yes","Yes",2
1644,"Yes","Yes",2
1672,"Yes","Yes",2
1733,"Yes","Yes",2
1738,"Yes","Yes",2
1757,"Yes","Yes",2
1773,"Yes","Yes",2
1776,"Yes","Yes",2
1794,"Yes","Yes",2
1800,"Yes","Yes",2
1804,"Yes","Yes",2
1852,"Yes","Yes",2
1890,"Yes","Yes",2
1892,"Yes","Yes",2
1950,"Yes","Yes",2
2016,"Yes","Yes",2
2026,"Yes","Yes",2
2042,"Yes","Yes",2
2052,"Yes","Yes",2
2066,"Yes","Yes",2
2103,"Yes","Yes",2
2104,"Yes","Yes",2
2121,"Yes","Yes",2
2122,"Yes","Yes",2
2160,"Yes","Yes",2
2168,"Yes","Yes",2
2171,"Yes","Yes",2
2180,"Yes","Yes",2
2200,"Yes","Yes",2
2203,"Yes","Yes",2
2207,"Yes","Yes",2
2209,"Yes","Yes",2
2213,"Yes","Yes",2
2214,"Yes","Yes",2
2235,"Yes","Yes",2
2246,"Yes","Yes",2
2254,"Yes","Yes",2
2256,"Yes","Yes",2
2261,"Yes","Yes",2
2273,"Yes","Yes",2
2299,"Yes","Yes",2
2326,"Yes","Yes",2
2329,"Yes","Yes",2
2330,"Yes","Yes",2
2335,"Yes","Yes",2
2359,"Yes","Yes",2
2525,"Yes","Yes",2
2538,"Yes","Yes",2
2555,"Yes","Yes",2
2561,"Yes","Yes",2
2562,"Yes","Yes",2
2564,"Yes","Yes",2
2597,"Yes","Yes",2
2625,"Yes","Yes",2
2628,"Yes","Yes",2
2634,"Yes","Yes",2
2639,"Yes","Yes",2
2642,"Yes","Yes",2
2653,"Yes","Yes",2
2697,"Yes","Yes",2
2701,"Yes","Yes",2
2710,"Yes","Yes",2
2719,"Yes","Yes",2
2744,"Yes","Yes",2
2760,"Yes","Yes",2
2813,"Yes","Yes",2
2819,"Yes","Yes",2
2875,"Yes","Yes",2
2878,"Yes","Yes",2
2947,"Yes","Yes",2
3001,"Yes","Yes",2
3003,"Yes","Yes",2
3055,"Yes","Yes",2
3099,"Yes","Yes",2
3142,"Yes","Yes",2
3155,"Yes","Yes",2
3158,"Yes","Yes",2
3162,"Yes","Yes",2
3234,"Yes","Yes",2
3242,"Yes","Yes",2
3248,"Yes","Yes",2
3269,"Yes","Yes",2
3273,"Yes","Yes",2
3274,"Yes","Yes",2
3291,"Yes","Yes",2
3306,"Yes","Yes",2
3339,"Yes","Yes",2
3373,"Yes","Yes",2
3428,"Yes","Yes",2
3486,"Yes","Yes",2
3561,"Yes","Yes",2
3625,"Yes","Yes",2
3669,"Yes","Yes",2
3683,"Yes","Yes",2
3758,"Yes","Yes",2
3766,"Yes","Yes",2
3772,"Yes","Yes",2
3778,"Yes","Yes",2
3786,"Yes","Yes",2
3816,"Yes","Yes",2
3827,"Yes","Yes",2
3855,"Yes","Yes",2
3897,"Yes","Yes",2
3903,"Yes","Yes",2
3910,"Yes","Yes",2
3939,"Yes","Yes",2
3956,"Yes","Yes",2
3958,"Yes","Yes",2
3975,"Yes","Yes",2
3976,"Yes","Yes",2
4015,"Yes","Yes",2
4017,"Yes","Yes",2
4036,"Yes","Yes",2
4051,"Yes","Yes",2
4069,"Yes","Yes",2
4072,"Yes","Yes",2
4082,"Yes","Yes",2
4118,"Yes","Yes",2
4131,"Yes","Yes",2
4162,"Yes","Yes",2
4193,"Yes","Yes",2
4306,"Yes","Yes",2
4311,"Yes","Yes",2
4329,"Yes","Yes",2
4481,"Yes","Yes",2
4482,"Yes","Yes",2
4494,"Yes","Yes",2
4495,"Yes","Yes",2
4515,"Yes","Yes",2
4519,"Yes","Yes",2
4521,"Yes","Yes",2
4535,"Yes","Yes",2
4584,"Yes","Yes",2
4594,"Yes","Yes",2
4634,"Yes","Yes",2
4648,"Yes","Yes",2
4719,"Yes","Yes",2
4745,"Yes","Yes",2
4794,"Yes","Yes",2
4803,"Yes","Yes",2
4828,"Yes","Yes",2
4837,"Yes","Yes",2
4842,"Yes","Yes",2
4854,"Yes","Yes",2
4883,"Yes","Yes",2
4886,"Yes","Yes",2
4915,"Yes","Yes",2
5019,"Yes","Yes",2
5037,"Yes","Yes",2
5046,"Yes","Yes",2
5053,"Yes","Yes",2
5064,"Yes","Yes",2
5069,"Yes","Yes",2
5095,"Yes","Yes",2
5101,"Yes","Yes",2
5104,"Yes","Yes",2
5105,"Yes","Yes",2
5106,"Yes","Yes",2
5174,"Yes","Yes",2
5184,"Yes","Yes",2
5208,"Yes","Yes",2
5210,"Yes","Yes",2
5214,"Yes","Yes",2
5228,"Yes","Yes",2
5264,"Yes","Yes",2
5265,"Yes","Yes",2
5284,"Yes","Yes",2
5288,"Yes","Yes",2
5313,"Yes","Yes",2
5314,"Yes","Yes",2
5334,"Yes","Yes",2
5340,"Yes","Yes",2
5341,"Yes","Yes",2
5352,"Yes","Yes",2
5355,"Yes","Yes",2
5507,"Yes","Yes",2
5590,"Yes","Yes",2
5596,"Yes","Yes",2
5618,"Yes","Yes",2
5624,"Yes","Yes",2
5629,"Yes","Yes",2
5639,"Yes","Yes",2
5650,"Yes","Yes",2
5698,"Yes","Yes",2
5699,"Yes","Yes",2
5724,"Yes","Yes",2
5730,"Yes","Yes",2
5731,"Yes","Yes",2
5733,"Yes","Yes",2
5738,"Yes","Yes",2
5744,"Yes","Yes",2
5745,"Yes","Yes",2
5746,"Yes","Yes",2
5768,"Yes","Yes",2
5789,"Yes","Yes",2
5800,"Yes","Yes",2
5820,"Yes","Yes",2
5827,"Yes","Yes",2
5833,"Yes","Yes",2
5836,"Yes","Yes",2
5860,"Yes","Yes",2
5880,"Yes","Yes",2
5912,"Yes","Yes",2
5919,"Yes","Yes",2
5954,"Yes","Yes",2
5973,"Yes","Yes",2
6134,"Yes","Yes",2
6158,"Yes","Yes",2
6173,"Yes","Yes",2
6175,"Yes","Yes",2
6187,"Yes","Yes",2
6223,"Yes","Yes",2
6236,"Yes","Yes",2
6273,"Yes","Yes",2
6281,"Yes","Yes",2
6296,"Yes","Yes",2
6319,"Yes","Yes",2
6332,"Yes","Yes",2
6338,"Yes","Yes",2
6340,"Yes","Yes",2
6404,"Yes","Yes",2
6422,"Yes","Yes",2
6456,"Yes","Yes",2
6470,"Yes","Yes",2
6492,"Yes","Yes",2
6493,"Yes","Yes",2
6509,"Yes","Yes",2
6513,"Yes","Yes",2
6514,"Yes","Yes",2
6515,"Yes","Yes",2
6519,"Yes","Yes",2
6521,"Yes","Yes",2
6524,"Yes","Yes",2
6549,"Yes","Yes",2
6555,"Yes","Yes",2
6557,"Yes","Yes",2
6559,"Yes","Yes",2
6561,"Yes","Yes",2
6565,"Yes","Yes",2
6569,"Yes","Yes",2
6581,"Yes","Yes",2
6624,"Yes","Yes",2
6649,"Yes","Yes",2
6652,"Yes","Yes",2
6676,"Yes","Yes",2
6712,"Yes","Yes",2
6854,"Yes","Yes",2
6892,"Yes","Yes",2
6913,"Yes","Yes",2
6943,"Yes","Yes",2
7010,"Yes","Yes",2
7021,"Yes","Yes",2
7039,"Yes","Yes",2
7040,"Yes","Yes",2
7045,"Yes","Yes",2
7052,"Yes","Yes",2
7058,"Yes","Yes",2
7076,"Yes","Yes",2
7103,"Yes","Yes",2
7108,"Yes","Yes",2
7113,"Yes","Yes",2
7130,"Yes","Yes",2
7134,"Yes","Yes",2
7135,"Yes","Yes",2
7139,"Yes","Yes",2
7153,"Yes","Yes",2
7226,"Yes","Yes",2
7293,"Yes","Yes",2
7301,"Yes","Yes",2
7305,"Yes","Yes",2
7306,"Yes","Yes",2
7364,"Yes","Yes",2
7369,"Yes","Yes",2
7421,"Yes","Yes",2
7422,"Yes","Yes",2
7429,"Yes","Yes",2
7431,"Yes","Yes",2
7450,"Yes","Yes",2
7512,"Yes","Yes",2
7780,"Yes","Yes",2
7805,"Yes","Yes",2
7809,"Yes","Yes",2
7827,"Yes","Yes",2
7837,"Yes","Yes",2
7846,"Yes","Yes",2
7852,"Yes","Yes",2
7903,"Yes","Yes",2
8029,"Yes","Yes",2
8082,"Yes","Yes",2
8309,"Yes","Yes",2
8416,"Yes","Yes",2
8424,"Yes","Yes",2
8529,"Yes","Yes",2
8542,"Yes","Yes",2
8614,"Yes","Yes",2
8635,"Yes","Yes",2
8645,"Yes","Yes",2
8659,"Yes","Yes",2
8671,"Yes","Yes",2
8714,"Yes","Yes",2
8728,"Yes","Yes",2
8744,"Yes","Yes",2
8801,"Yes","Yes",2
8802,"Yes","Yes",2
8828,"Yes","Yes",2
8854,"Yes","Yes",2
8862,"Yes","Yes",2
8934,"Yes","Yes",2
8991,"Yes","Yes",2
8996,"Yes","Yes",2
9056,"Yes","Yes",2
9058,"Yes","Yes",2
9066,"Yes","Yes",2
9068,"Yes","Yes",2
9073,"Yes","Yes",2
9099,"Yes","Yes",2
9123,"Yes","Yes",2
9124,"Yes","Yes",2
9168,"Yes","Yes",2
9173,"Yes","Yes",2
9180,"Yes","Yes",2
9232,"Yes","Yes",2
9242,"Yes","Yes",2
9356,"Yes","Yes",2
9358,"Yes","Yes",2
9365,"Yes","Yes",2
9376,"Yes","Yes",2
9450,"Yes","Yes",2
9473,"Yes","Yes",2
9476,"Yes","Yes",2
9507,"Yes","Yes",2
9514,"Yes","Yes",2
9537,"Yes","Yes",2
9636,"Yes","Yes",2
9673,"Yes","Yes",2
9727,"Yes","Yes",2
9762,"Yes","Yes",2
9770,"Yes","Yes",2
9806,"Yes","Yes",2
9914,"Yes","Yes",2
9970,"Yes","Yes",2
9976,"Yes","Yes",2
9990,"Yes","Yes",2
10076,"Yes","Yes",2
10095,"Yes","Yes",2
10123,"Yes","Yes",2
10157,"Yes","Yes",2
10158,"Yes","Yes",2
10178,"Yes","Yes",2
10184,"Yes","Yes",2
10243,"Yes","Yes",2
10247,"Yes","Yes",2
10249,"Yes","Yes",2
10287,"Yes","Yes",2
10312,"Yes","Yes",2
10346,"Yes","Yes",2
10376,"Yes","Yes",2
10411,"Yes","Yes",2
10451,"Yes","Yes",2
10457,"Yes","Yes",2
10458,"Yes","Yes",2
10549,"Yes","Yes",2
10578,"Yes","Yes",2
10610,"Yes","Yes",2
10615,"Yes","Yes",2
10616,"Yes","Yes",2
10644,"Yes","Yes",2
10655,"Yes","Yes",2
10669,"Yes","Yes",2
10686,"Yes","Yes",2
10749,"Yes","Yes",2
10752,"Yes","Yes",2
10769,"Yes","Yes",2
10783,"Yes","Yes",2
10840,"Yes","Yes",2
10841,"Yes","Yes",2
10848,"Yes","Yes",2
10891,"Yes","Yes",2
10901,"Yes","Yes",2
10954,"Yes","Yes",2
11001,"Yes","Yes",2
11006,"Yes","Yes",2
11098,"Yes","Yes",2
11136,"Yes","Yes",2
11151,"Yes","Yes",2
11156,"Yes","Yes",2
11167,"Yes","Yes",2
11170,"Yes","Yes",2
11178,"Yes","Yes",2
11181,"Yes","Yes",2
11314,"Yes","Yes",2
11346,"Yes","Yes",2
22837,"Yes","Yes",2
22846,"Yes","Yes",2
22874,"Yes","Yes",2
22885,"Yes","Yes",2
22925,"Yes","Yes",2
22927,"Yes","Yes",2
22974,"Yes","Yes",2
22977,"Yes","Yes",2
23078,"Yes","Yes",2
23129,"Yes","Yes",2
23171,"Yes","Yes",2
23228,"Yes","Yes",2
23231,"Yes","Yes",2
23255,"Yes","Yes",2
23327,"Yes","Yes",2
23341,"Yes","Yes",2
23428,"Yes","Yes",2
23464,"Yes","Yes",2
23475,"Yes","Yes",2
23480,"Yes","Yes",2
23551,"Yes","Yes",2
23612,"Yes","Yes",2
23643,"Yes","Yes",2
23710,"Yes","Yes",2
25845,"Yes","Yes",2
25849,"Yes","Yes",2
25873,"Yes","Yes",2
25903,"Yes","Yes",2
25928,"Yes","Yes",2
26007,"Yes","Yes",2
26027,"Yes","Yes",2
26051,"Yes","Yes",2
26227,"Yes","Yes",2
26228,"Yes","Yes",2
26275,"Yes","Yes",2
26287,"Yes","Yes",2
26508,"Yes","Yes",2
27124,"Yes","Yes",2
27134,"Yes","Yes",2
27253,"Yes","Yes",2
27254,"Yes","Yes",2
27283,"Yes","Yes",2
27294,"Yes","Yes",2
27299,"Yes","Yes",2
27344,"Yes","Yes",2
27350,"Yes","Yes",2
28970,"Yes","Yes",2
28999,"Yes","Yes",2
29842,"Yes","Yes",2
29923,"Yes","Yes",2
29958,"Yes","Yes",2
29968,"Yes","Yes",2
30846,"Yes","Yes",2
50507,"Yes","Yes",2
50509,"Yes","Yes",2
50515,"Yes","Yes",2
50615,"Yes","Yes",2
50617,"Yes","Yes",2
50861,"Yes","Yes",2
51084,"Yes","Yes",2
51109,"Yes","Yes",2
51129,"Yes","Yes",2
51179,"Yes","Yes",2
51181,"Yes","Yes",2
51192,"Yes","Yes",2
51268,"Yes","Yes",2
51284,"Yes","Yes",2
51302,"Yes","Yes",2
51303,"Yes","Yes",2
51393,"Yes","Yes",2
51449,"Yes","Yes",2
51458,"Yes","Yes",2
51473,"Yes","Yes",2
51559,"Yes","Yes",2
51655,"Yes","Yes",2
51703,"Yes","Yes",2
51705,"Yes","Yes",2
51751,"Yes","Yes",2
53354,"Yes","Yes",2
53405,"Yes","Yes",2
54097,"Yes","Yes",2
54209,"Yes","Yes",2
54437,"Yes","Yes",2
54566,"Yes","Yes",2
54567,"Yes","Yes",2
54657,"Yes","Yes",2
54658,"Yes","Yes",2
54756,"Yes","Yes",2
54762,"Yes","Yes",2
54769,"Yes","Yes",2
54810,"Yes","Yes",2
54836,"Yes","Yes",2
54845,"Yes","Yes",2
54852,"Yes","Yes",2
54886,"Yes","Yes",2
54897,"Yes","Yes",2
54972,"Yes","Yes",2
54996,"Yes","Yes",2
55224,"Yes","Yes",2
55240,"Yes","Yes",2
55281,"Yes","Yes",2
55321,"Yes","Yes",2
55349,"Yes","Yes",2
55366,"Yes","Yes",2
55449,"Yes","Yes",2
55526,"Yes","Yes",2
55536,"Yes","Yes",2
55586,"Yes","Yes",2
55600,"Yes","Yes",2
55630,"Yes","Yes",2
55723,"Yes","Yes",2
55753,"Yes","Yes",2
55840,"Yes","Yes",2
55867,"Yes","Yes",2
55885,"Yes","Yes",2
56005,"Yes","Yes",2
56241,"Yes","Yes",2
56603,"Yes","Yes",2
56649,"Yes","Yes",2
56670,"Yes","Yes",2
56848,"Yes","Yes",2
56901,"Yes","Yes",2
56911,"Yes","Yes",2
56920,"Yes","Yes",2
56924,"Yes","Yes",2
56934,"Yes","Yes",2
56937,"Yes","Yes",2
57007,"Yes","Yes",2
57111,"Yes","Yes",2
57125,"Yes","Yes",2
57127,"Yes","Yes",2
57134,"Yes","Yes",2
57402,"Yes","Yes",2
57476,"Yes","Yes",2
57530,"Yes","Yes",2
57561,"Yes","Yes",2
57565,"Yes","Yes",2
57669,"Yes","Yes",2
57733,"Yes","Yes",2
57761,"Yes","Yes",2
58475,"Yes","Yes",2
58510,"Yes","Yes",2
59272,"Yes","Yes",2
59345,"Yes","Yes",2
60401,"Yes","Yes",2
60676,"Yes","Yes",2
60681,"Yes","Yes",2
63976,"Yes","Yes",2
64081,"Yes","Yes",2
64084,"Yes","Yes",2
64098,"Yes","Yes",2
64108,"Yes","Yes",2
64220,"Yes","Yes",2
64231,"Yes","Yes",2
64333,"Yes","Yes",2
64344,"Yes","Yes",2
64478,"Yes","Yes",2
64849,"Yes","Yes",2
64866,"Yes","Yes",2
64902,"Yes","Yes",2
65266,"Yes","Yes",2
65997,"Yes","Yes",2
78989,"Yes","Yes",2
79153,"Yes","Yes",2
79170,"Yes","Yes",2
79365,"Yes","Yes",2
79442,"Yes","Yes",2
79626,"Yes","Yes",2
79679,"Yes","Yes",2
79690,"Yes","Yes",2
79709,"Yes","Yes",2
79742,"Yes","Yes",2
79746,"Yes","Yes",2
79762,"Yes","Yes",2
79785,"Yes","Yes",2
79814,"Yes","Yes",2
79850,"Yes","Yes",2
79861,"Yes","Yes",2
79888,"Yes","Yes",2
79930,"Yes","Yes",2
79944,"Yes","Yes",2
79966,"Yes","Yes",2
79971,"Yes","Yes",2
79981,"Yes","Yes",2
80031,"Yes","Yes",2
80036,"Yes","Yes",2
80144,"Yes","Yes",2
80157,"Yes","Yes",2
80301,"Yes","Yes",2
80303,"Yes","Yes",2
80307,"Yes","Yes",2
80344,"Yes","Yes",2
80381,"Yes","Yes",2
80758,"Yes","Yes",2
80774,"Yes","Yes",2
81033,"Yes","Yes",2
81553,"Yes","Yes",2
81693,"Yes","Yes",2
81831,"Yes","Yes",2
83478,"Yes","Yes",2
83543,"Yes","Yes",2
83648,"Yes","Yes",2
83660,"Yes","Yes",2
83697,"Yes","Yes",2
83706,"Yes","Yes",2
83715,"Yes","Yes",2
83876,"Yes","Yes",2
83953,"Yes","Yes",2
84217,"Yes","Yes",2
84275,"Yes","Yes",2
84417,"Yes","Yes",2
84440,"Yes","Yes",2
84706,"Yes","Yes",2
84803,"Yes","Yes",2
84816,"Yes","Yes",2
84952,"Yes","Yes",2
85028,"Yes","Yes",2
87769,"Yes","Yes",2
89797,"Yes","Yes",2
90161,"Yes","Yes",2
91319,"Yes","Yes",2
91522,"Yes","Yes",2
91750,"Yes","Yes",2
92211,"Yes","Yes",2
92292,"Yes","Yes",2
92558,"Yes","Yes",2
92737,"Yes","Yes",2
93109,"Yes","Yes",2
112399,"Yes","Yes",2
112464,"Yes","Yes",2
112609,"Yes","Yes",2
112817,"Yes","Yes",2
113277,"Yes","Yes",2
113278,"Yes","Yes",2
114088,"Yes","Yes",2
114815,"Yes","Yes",2
115111,"Yes","Yes",2
115273,"Yes","Yes",2
115908,"Yes","Yes",2
116085,"Yes","Yes",2
116832,"Yes","Yes",2
118471,"Yes","Yes",2
118980,"Yes","Yes",2
120071,"Yes","Yes",2
120939,"Yes","Yes",2
121506,"Yes","Yes",2
123688,"Yes","Yes",2
123876,"Yes","Yes",2
123920,"Yes","Yes",2
124222,"Yes","Yes",2
124935,"Yes","Yes",2
124975,"Yes","Yes",2
125061,"Yes","Yes",2
126382,"Yes","Yes",2
126695,"Yes","Yes",2
127124,"Yes","Yes",2
127262,"Yes","Yes",2
128239,"Yes","Yes",2
130013,"Yes","Yes",2
130589,"Yes","Yes",2
130733,"Yes","Yes",2
132158,"Yes","Yes",2
133121,"Yes","Yes",2
133308,"Yes","Yes",2
133688,"Yes","Yes",2
134147,"Yes","Yes",2
134265,"Yes","Yes",2
134288,"Yes","Yes",2
135112,"Yes","Yes",2
135892,"Yes","Yes",2
138046,"Yes","Yes",2
140462,"Yes","Yes",2
143662,"Yes","Yes",2
144193,"Yes","Yes",2
145226,"Yes","Yes",2
145407,"Yes","Yes",2
146325,"Yes","Yes",2
146556,"Yes","Yes",2
146802,"Yes","Yes",2
148252,"Yes","Yes",2
148808,"Yes","Yes",2
148811,"Yes","Yes",2
149461,"Yes","Yes",2
149466,"Yes","Yes",2
149563,"Yes","Yes",2
150696,"Yes","Yes",2
151556,"Yes","Yes",2
152007,"Yes","Yes",2
152404,"Yes","Yes",2
152573,"Yes","Yes",2
153201,"Yes","Yes",2
153328,"Yes","Yes",2
153572,"Yes","Yes",2
153768,"Yes","Yes",2
153830,"Yes","Yes",2
154091,"Yes","Yes",2
155006,"Yes","Yes",2
157313,"Yes","Yes",2
157983,"Yes","Yes",2
159963,"Yes","Yes",2
169026,"Yes","Yes",2
169611,"Yes","Yes",2
192668,"Yes","Yes",2
196051,"Yes","Yes",2
197257,"Yes","Yes",2
199731,"Yes","Yes",2
201931,"Yes","Yes",2
202151,"Yes","Yes",2
203447,"Yes","Yes",2
219699,"Yes","Yes",2
219855,"Yes","Yes",2
219972,"Yes","Yes",2
220108,"Yes","Yes",2
220441,"Yes","Yes",2
220963,"Yes","Yes",2
222166,"Yes","Yes",2
222962,"Yes","Yes",2
245972,"Yes","Yes",2
245973,"Yes","Yes",2
253012,"Yes","Yes",2
254050,"Yes","Yes",2
254295,"Yes","Yes",2
255189,"Yes","Yes",2
255743,"Yes","Yes",2
255877,"Yes","Yes",2
256435,"Yes","Yes",2
256764,"Yes","Yes",2
257106,"Yes","Yes",2
257629,"Yes","Yes",2
260425,"Yes","Yes",2
266977,"Yes","Yes",2
283140,"Yes","Yes",2
283234,"Yes","Yes",2
283358,"Yes","Yes",2
283375,"Yes","Yes",2
283659,"Yes","Yes",2
283848,"Yes","Yes",2
284252,"Yes","Yes",2
284273,"Yes","Yes",2
284422,"Yes","Yes",2
284541,"Yes","Yes",2
285596,"Yes","Yes",2
286256,"Yes","Yes",2
338094,"Yes","Yes",2
338382,"Yes","Yes",2
339105,"Yes","Yes",2
339983,"Yes","Yes",2
340024,"Yes","Yes",2
340348,"Yes","Yes",2
341640,"Yes","Yes",2
342527,"Yes","Yes",2
342979,"Yes","Yes",2
345557,"Yes","Yes",2
347733,"Yes","Yes",2
348158,"Yes","Yes",2
374655,"Yes","Yes",2
378708,"Yes","Yes",2
388323,"Yes","Yes",2
388387,"Yes","Yes",2
388595,"Yes","Yes",2
389015,"Yes","Yes",2
389434,"Yes","Yes",2
399726,"Yes","Yes",2
404201,"Yes","Yes",2
404266,"Yes","Yes",2
414328,"Yes","Yes",2
440335,"Yes","Yes",2
440556,"Yes","Yes",2
440590,"Yes","Yes",2
440836,"Yes","Yes",2
441168,"Yes","Yes",2
441951,"Yes","Yes",2
493869,"Yes","Yes",2
541471,"Yes","Yes",2
554235,"Yes","Yes",2
613212,"Yes","Yes",2
641649,"Yes","Yes",2
643008,"Yes","Yes",2
643236,"Yes","Yes",2
100130691,"Yes","Yes",2
100131213,"Yes","Yes",2
100170765,"Yes","Yes",2
100233209,"Yes","Yes",2
100505967,"Yes","Yes",2
100506211,"Yes","Yes",2
100506385,"Yes","Yes",2
100506403,"Yes","Yes",2
100506444,"Yes","Yes",2
100507027,"Yes","Yes",2
100507127,"Yes","Yes",2
100507650,"Yes","Yes",2
100862662,"Yes","Yes",2
101928820,"Yes","Yes",2
101929023,"Yes","Yes",2
101929335,"Yes","Yes",2
102723548,"Yes","Yes",2
106614088,"Yes","Yes",2
106821730,"Yes","Yes",2
124903372,"Yes","Yes",2
124903827,"Yes","Yes",2
124905021,"Yes","Yes",2
1,"No","Yes",1
9,"Yes","No",1
19,"Yes","No",1
20,"Yes","No",1
26,"Yes","No",1
28,"Yes","No",1
30,"No","Yes",1
32,"No","Yes",1
39,"Yes","No",1
47,"Yes","No",1
51,"Yes","No",1
59,"Yes","No",1
60,"Yes","No",1
70,"Yes","No",1
93,"Yes","No",1
94,"Yes","No",1
98,"Yes","No",1
100,"No","Yes",1
102,"Yes","No",1
109,"Yes","No",1
114,"No","Yes",1
123,"Yes","No",1
128,"No","Yes",1
132,"Yes","No",1
141,"Yes","No",1
151,"No","Yes",1
153,"Yes","No",1
165,"No","Yes",1
173,"No","Yes",1
174,"No","Yes",1
176,"No","Yes",1
181,"No","Yes",1
182,"Yes","No",1
191,"Yes","No",1
196,"Yes","No",1
211,"Yes","No",1
217,"Yes","No",1
220,"No","Yes",1
223,"Yes","No",1
230,"No","Yes",1
241,"Yes","No",1
267,"Yes","No",1
274,"Yes","No",1
292,"Yes","No",1
301,"Yes","No",1
302,"Yes","No",1
306,"No","Yes",1
307,"Yes","No",1
325,"No","Yes",1
327,"Yes","No",1
332,"No","Yes",1
338,"No","Yes",1
345,"No","Yes",1
347,"Yes","No",1
355,"Yes","No",1
356,"Yes","No",1
358,"Yes","No",1
360,"Yes","No",1
363,"No","Yes",1
366,"No","Yes",1
368,"Yes","No",1
384,"No","Yes",1
391,"Yes","No",1
392,"Yes","No",1
402,"Yes","No",1
403,"Yes","No",1
409,"Yes","No",1
412,"Yes","No",1
416,"No","Yes",1
435,"Yes","No",1
440,"Yes","No",1
479,"No","Yes",1
488,"Yes","No",1
489,"Yes","No",1
493,"Yes","No",1
501,"Yes","No",1
523,"Yes","No",1
526,"Yes","No",1
528,"Yes","No",1
554,"No","Yes",1
563,"Yes","No",1
567,"Yes","No",1
573,"Yes","No",1
575,"No","Yes",1
581,"Yes","No",1
594,"Yes","No",1
595,"Yes","No",1
602,"No","Yes",1
617,"Yes","No",1
622,"Yes","No",1
624,"No","Yes",1
633,"No","Yes",1
634,"Yes","No",1
636,"Yes","No",1
639,"Yes","No",1
649,"Yes","No",1
650,"No","Yes",1
653,"Yes","No",1
654,"Yes","No",1
658,"Yes","No",1
671,"Yes","No",1
675,"Yes","No",1
678,"Yes","No",1
684,"No","Yes",1
706,"No","Yes",1
710,"No","Yes",1
715,"No","Yes",1
717,"No","Yes",1
726,"Yes","No",1
727,"Yes","No",1
729,"Yes","No",1
740,"Yes","No",1
744,"Yes","No",1
752,"No","Yes",1
753,"Yes","No",1
754,"Yes","No",1
757,"Yes","No",1
767,"Yes","No",1
768,"No","Yes",1
778,"Yes","No",1
788,"Yes","No",1
796,"No","Yes",1
800,"Yes","No",1
810,"No","Yes",1
813,"Yes","No",1
816,"No","Yes",1
821,"Yes","No",1
827,"No","Yes",1
828,"Yes","No",1
829,"Yes","No",1
833,"No","Yes",1
834,"Yes","No",1
837,"Yes","No",1
860,"No","Yes",1
864,"Yes","No",1
865,"Yes","No",1
867,"Yes","No",1
871,"No","Yes",1
873,"Yes","No",1
875,"No","Yes",1
890,"Yes","No",1
892,"Yes","No",1
912,"Yes","No",1
915,"No","Yes",1
920,"No","Yes",1
923,"Yes","No",1
925,"Yes","No",1
929,"No","Yes",1
939,"Yes","No",1
947,"Yes","No",1
948,"Yes","No",1
950,"Yes","No",1
953,"Yes","No",1
962,"No","Yes",1
963,"Yes","No",1
970,"No","Yes",1
972,"No","Yes",1
990,"Yes","No",1
1003,"Yes","No",1
1012,"Yes","No",1
1017,"Yes","No",1
1026,"Yes","No",1
1027,"Yes","No",1
1030,"Yes","No",1
1031,"Yes","No",1
1033,"Yes","No",1
1036,"Yes","No",1
1040,"Yes","No",1
1043,"No","Yes",1
1050,"Yes","No",1
1059,"Yes","No",1
1063,"Yes","No",1
1081,"Yes","No",1
1114,"Yes","No",1
1118,"No","Yes",1
1122,"Yes","No",1
1124,"Yes","No",1
1137,"No","Yes",1
1152,"No","Yes",1
1159,"No","Yes",1
1160,"No","Yes",1
1164,"Yes","No",1
1176,"Yes","No",1
1187,"No","Yes",1
1259,"Yes","No",1
1267,"Yes","No",1
1272,"Yes","No",1
1277,"No","Yes",1
1278,"No","Yes",1
1281,"No","Yes",1
1287,"Yes","No",1
1288,"No","Yes",1
1289,"No","Yes",1
1293,"No","Yes",1
1294,"Yes","No",1
1300,"No","Yes",1
1308,"No","Yes",1
1310,"No","Yes",1
1317,"Yes","No",1
1329,"Yes","No",1
1349,"Yes","No",1
1359,"Yes","No",1
1363,"Yes","No",1
1368,"Yes","No",1
1371,"Yes","No",1
1381,"No","Yes",1
1409,"No","Yes",1
1417,"No","Yes",1
1429,"Yes","No",1
1436,"No","Yes",1
1441,"Yes","No",1
1445,"Yes","No",1
1452,"Yes","No",1
1459,"Yes","No",1
1460,"No","Yes",1
1490,"Yes","No",1
1497,"Yes","No",1
1509,"Yes","No",1
1513,"No","Yes",1
1520,"Yes","No",1
1522,"No","Yes",1
1545,"Yes","No",1
1551,"No","Yes",1
1555,"No","Yes",1
1582,"Yes","No",1
1586,"No","Yes",1
1591,"Yes","No",1
1592,"No","Yes",1
1593,"Yes","No",1
1595,"Yes","No",1
1607,"Yes","No",1
1613,"Yes","No",1
1615,"Yes","No",1
1633,"Yes","No",1
1634,"Yes","No",1
1635,"Yes","No",1
1641,"Yes","No",1
1647,"No","Yes",1
1675,"No","Yes",1
1690,"No","Yes",1
1734,"No","Yes",1
1743,"Yes","No",1
1749,"No","Yes",1
1756,"Yes","No",1
1774,"Yes","No",1
1777,"Yes","No",1
1796,"Yes","No",1
1803,"No","Yes",1
1807,"Yes","No",1
1826,"Yes","No",1
1827,"Yes","No",1
1831,"No","Yes",1
1837,"Yes","No",1
1843,"No","Yes",1
1846,"Yes","No",1
1869,"No","Yes",1
1875,"Yes","No",1
1889,"Yes","No",1
1894,"Yes","No",1
1942,"Yes","No",1
1944,"No","Yes",1
1948,"Yes","No",1
1956,"Yes","No",1
1958,"No","Yes",1
1962,"Yes","No",1
1978,"Yes","No",1
1992,"Yes","No",1
1993,"Yes","No",1
2000,"Yes","No",1
2001,"No","Yes",1
2002,"Yes","No",1
2004,"Yes","No",1
2014,"Yes","No",1
2018,"Yes","No",1
2023,"Yes","No",1
2043,"Yes","No",1
2053,"Yes","No",1
2057,"Yes","No",1
2063,"Yes","No",1
2064,"Yes","No",1
2070,"Yes","No",1
2091,"No","Yes",1
2099,"Yes","No",1
2108,"Yes","No",1
2113,"Yes","No",1
2123,"Yes","No",1
2139,"Yes","No",1
2147,"No","Yes",1
2152,"Yes","No",1
2153,"Yes","No",1
2155,"No","Yes",1
2157,"Yes","No",1
2167,"No","Yes",1
2170,"No","Yes",1
2172,"No","Yes",1
2173,"Yes","No",1
2185,"Yes","No",1
2191,"No","Yes",1
2192,"Yes","No",1
2205,"Yes","No",1
2212,"Yes","No",1
2222,"Yes","No",1
2230,"Yes","No",1
2232,"Yes","No",1
2239,"Yes","No",1
2243,"No","Yes",1
2262,"No","Yes",1
2266,"No","Yes",1
2272,"Yes","No",1
2274,"No","Yes",1
2280,"Yes","No",1
2296,"Yes","No",1
2300,"No","Yes",1
2302,"No","Yes",1
2307,"No","Yes",1
2313,"Yes","No",1
2316,"No","Yes",1
2321,"Yes","No",1
2331,"No","Yes",1
2348,"Yes","No",1
2350,"No","Yes",1
2352,"No","Yes",1
2353,"Yes","No",1
2354,"Yes","No",1
2357,"No","Yes",1
2444,"Yes","No",1
2494,"Yes","No",1
2528,"Yes","No",1
2533,"Yes","No",1
2563,"No","Yes",1
2583,"No","Yes",1
2584,"Yes","No",1
2589,"Yes","No",1
2591,"Yes","No",1
2615,"No","Yes",1
2619,"Yes","No",1
2620,"Yes","No",1
2638,"No","Yes",1
2643,"Yes","No",1
2664,"Yes","No",1
2674,"Yes","No",1
2681,"Yes","No",1
2683,"No","Yes",1
2690,"Yes","No",1
2700,"Yes","No",1
2705,"Yes","No",1
2731,"Yes","No",1
2745,"Yes","No",1
2766,"Yes","No",1
2769,"No","Yes",1
2770,"Yes","No",1
2771,"Yes","No",1
2791,"Yes","No",1
2802,"Yes","No",1
2803,"Yes","No",1
2821,"Yes","No",1
2823,"Yes","No",1
2824,"Yes","No",1
2828,"Yes","No",1
2850,"Yes","No",1
2869,"Yes","No",1
2873,"Yes","No",1
2882,"Yes","No",1
2886,"Yes","No",1
2887,"Yes","No",1
2888,"Yes","No",1
2898,"Yes","No",1
2899,"Yes","No",1
2901,"Yes","No",1
2918,"Yes","No",1
2936,"No","Yes",1
2938,"Yes","No",1
2939,"Yes","No",1
2952,"No","Yes",1
2956,"Yes","No",1
2965,"Yes","No",1
2971,"Yes","No",1
2992,"Yes","No",1
2993,"No","Yes",1
2999,"Yes","No",1
3005,"Yes","No",1
3029,"Yes","No",1
3033,"Yes","No",1
3037,"Yes","No",1
3039,"No","Yes",1
3040,"No","Yes",1
3043,"No","Yes",1
3059,"Yes","No",1
3071,"Yes","No",1
3074,"Yes","No",1
3081,"Yes","No",1
3084,"Yes","No",1
3091,"Yes","No",1
3106,"No","Yes",1
3108,"No","Yes",1
3117,"No","Yes",1
3119,"No","Yes",1
3123,"No","Yes",1
3125,"No","Yes",1
3126,"No","Yes",1
3131,"No","Yes",1
3133,"Yes","No",1
3134,"Yes","No",1
3140,"Yes","No",1
3164,"Yes","No",1
3167,"No","Yes",1
3172,"Yes","No",1
3209,"No","Yes",1
3213,"Yes","No",1
3215,"Yes","No",1
3216,"Yes","No",1
3218,"Yes","No",1
3219,"No","Yes",1
3236,"Yes","No",1
3240,"No","Yes",1
3241,"Yes","No",1
3275,"Yes","No",1
3299,"Yes","No",1
3303,"Yes","No",1
3316,"Yes","No",1
3381,"No","Yes",1
3383,"No","Yes",1
3394,"Yes","No",1
3417,"Yes","No",1
3423,"Yes","No",1
3455,"Yes","No",1
3481,"Yes","No",1
3484,"No","Yes",1
3485,"Yes","No",1
3516,"Yes","No",1
3549,"Yes","No",1
3559,"No","Yes",1
3570,"No","Yes",1
3587,"No","Yes",1
3594,"No","Yes",1
3598,"Yes","No",1
3601,"Yes","No",1
3603,"Yes","No",1
3614,"Yes","No",1
3624,"No","Yes",1
3627,"Yes","No",1
3633,"Yes","No",1
3635,"Yes","No",1
3664,"No","Yes",1
3672,"Yes","No",1
3675,"No","Yes",1
3678,"No","Yes",1
3687,"Yes","No",1
3689,"Yes","No",1
3691,"No","Yes",1
3694,"Yes","No",1
3703,"Yes","No",1
3707,"Yes","No",1
3714,"Yes","No",1
3718,"No","Yes",1
3728,"Yes","No",1
3741,"No","Yes",1
3753,"Yes","No",1
3759,"Yes","No",1
3760,"Yes","No",1
3773,"Yes","No",1
3779,"No","Yes",1
3782,"Yes","No",1
3790,"Yes","No",1
3791,"Yes","No",1
3795,"Yes","No",1
3796,"Yes","No",1
3801,"Yes","No",1
3818,"No","Yes",1
3866,"No","Yes",1
3875,"No","Yes",1
3880,"No","Yes",1
3898,"Yes","No",1
3914,"No","Yes",1
3915,"Yes","No",1
3932,"No","Yes",1
3936,"Yes","No",1
3937,"Yes","No",1
3945,"Yes","No",1
3955,"No","Yes",1
3959,"No","Yes",1
3965,"No","Yes",1
3978,"No","Yes",1
3983,"Yes","No",1
3985,"Yes","No",1
3988,"Yes","No",1
3993,"Yes","No",1
3995,"Yes","No",1
3998,"Yes","No",1
4001,"Yes","No",1
4010,"No","Yes",1
4023,"Yes","No",1
4035,"No","Yes",1
4043,"Yes","No",1
4046,"Yes","No",1
4058,"Yes","No",1
4059,"Yes","No",1
4060,"Yes","No",1
4061,"No","Yes",1
4064,"No","Yes",1
4067,"Yes","No",1
4070,"Yes","No",1
4084,"No","Yes",1
4091,"Yes","No",1
4099,"No","Yes",1
4121,"Yes","No",1
4126,"Yes","No",1
4128,"Yes","No",1
4133,"Yes","No",1
4135,"Yes","No",1
4137,"No","Yes",1
4154,"Yes","No",1
4171,"Yes","No",1
4174,"Yes","No",1
4175,"Yes","No",1
4188,"No","Yes",1
4190,"Yes","No",1
4192,"No","Yes",1
4208,"Yes","No",1
4212,"Yes","No",1
4232,"Yes","No",1
4233,"Yes","No",1
4237,"Yes","No",1
4239,"Yes","No",1
4242,"No","Yes",1
4245,"Yes","No",1
4255,"Yes","No",1
4267,"No","Yes",1
4281,"Yes","No",1
4283,"Yes","No",1
4288,"Yes","No",1
4312,"No","Yes",1
4313,"Yes","No",1
4318,"No","Yes",1
4320,"No","Yes",1
4323,"No","Yes",1
4325,"No","Yes",1
4332,"Yes","No",1
4337,"Yes","No",1
4345,"Yes","No",1
4351,"Yes","No",1
4493,"No","Yes",1
4496,"No","Yes",1
4499,"No","Yes",1
4501,"No","Yes",1
4508,"Yes","No",1
4509,"Yes","No",1
4512,"No","Yes",1
4513,"Yes","No",1
4514,"Yes","No",1
4524,"No","Yes",1
4534,"Yes","No",1
4536,"Yes","No",1
4537,"Yes","No",1
4538,"Yes","No",1
4539,"Yes","No",1
4540,"Yes","No",1
4541,"Yes","No",1
4547,"Yes","No",1
4603,"Yes","No",1
4605,"No","Yes",1
4609,"No","Yes",1
4613,"Yes","No",1
4616,"Yes","No",1
4621,"Yes","No",1
4626,"No","Yes",1
4628,"Yes","No",1
4644,"Yes","No",1
4646,"Yes","No",1
4650,"No","Yes",1
4659,"Yes","No",1
4664,"Yes","No",1
4673,"Yes","No",1
4674,"Yes","No",1
4675,"Yes","No",1
4676,"No","Yes",1
4688,"Yes","No",1
4689,"No","Yes",1
4690,"Yes","No",1
4705,"Yes","No",1
4711,"Yes","No",1
4720,"Yes","No",1
4722,"Yes","No",1
4747,"No","Yes",1
4780,"Yes","No",1
4815,"No","Yes",1
4818,"No","Yes",1
4830,"No","Yes",1
4833,"Yes","No",1
4835,"Yes","No",1
4848,"Yes","No",1
4856,"Yes","No",1
4860,"Yes","No",1
4862,"Yes","No",1
4864,"Yes","No",1
4868,"No","Yes",1
4869,"Yes","No",1
4881,"Yes","No",1
4885,"No","Yes",1
4900,"Yes","No",1
4914,"Yes","No",1
4929,"Yes","No",1
4938,"Yes","No",1
4939,"Yes","No",1
4940,"Yes","No",1
4942,"Yes","No",1
4947,"Yes","No",1
4953,"Yes","No",1
4968,"Yes","No",1
4982,"Yes","No",1
5000,"Yes","No",1
5010,"Yes","No",1
5017,"Yes","No",1
5027,"Yes","No",1
5028,"Yes","No",1
5033,"Yes","No",1
5034,"Yes","No",1
5054,"No","Yes",1
5066,"Yes","No",1
5067,"Yes","No",1
5071,"Yes","No",1
5087,"Yes","No",1
5091,"Yes","No",1
5096,"Yes","No",1
5098,"Yes","No",1
5099,"Yes","No",1
5118,"No","Yes",1
5121,"Yes","No",1
5129,"Yes","No",1
5130,"Yes","No",1
5136,"Yes","No",1
5146,"Yes","No",1
5154,"Yes","No",1
5156,"Yes","No",1
5160,"Yes","No",1
5162,"Yes","No",1
5163,"Yes","No",1
5164,"Yes","No",1
5166,"No","Yes",1
5167,"Yes","No",1
5169,"Yes","No",1
5172,"No","Yes",1
5175,"Yes","No",1
5176,"No","Yes",1
5178,"Yes","No",1
5187,"No","Yes",1
5217,"Yes","No",1
5224,"No","Yes",1
5230,"Yes","No",1
5243,"Yes","No",1
5244,"No","Yes",1
5245,"Yes","No",1
5255,"Yes","No",1
5256,"Yes","No",1
5267,"No","Yes",1
5270,"Yes","No",1
5271,"Yes","No",1
5272,"Yes","No",1
5310,"Yes","No",1
5315,"Yes","No",1
5324,"Yes","No",1
5327,"Yes","No",1
5328,"Yes","No",1
5329,"No","Yes",1
5336,"No","Yes",1
5360,"No","Yes",1
5361,"Yes","No",1
5362,"Yes","No",1
5364,"Yes","No",1
5368,"No","Yes",1
5371,"Yes","No",1
5396,"No","Yes",1
5409,"No","Yes",1
5420,"No","Yes",1
5428,"Yes","No",1
5442,"Yes","No",1
5446,"Yes","No",1
5456,"Yes","No",1
5465,"Yes","No",1
5500,"Yes","No",1
5501,"Yes","No",1
5502,"Yes","No",1
5551,"Yes","No",1
5564,"Yes","No",1
5577,"Yes","No",1
5578,"Yes","No",1
5583,"Yes","No",1
5585,"Yes","No",1
5587,"Yes","No",1
5589,"Yes","No",1
5594,"Yes","No",1
5601,"Yes","No",1
5602,"Yes","No",1
5625,"No","Yes",1
5638,"Yes","No",1
5649,"Yes","No",1
5652,"Yes","No",1
5696,"Yes","No",1
5713,"Yes","No",1
5743,"Yes","No",1
5764,"Yes","No",1
5774,"No","Yes",1
5780,"Yes","No",1
5782,"Yes","No",1
5783,"Yes","No",1
5787,"No","Yes",1
5788,"Yes","No",1
5790,"No","Yes",1
5791,"Yes","No",1
5796,"Yes","No",1
5797,"Yes","No",1
5798,"No","Yes",1
5816,"No","Yes",1
5825,"Yes","No",1
5831,"No","Yes",1
5873,"Yes","No",1
5884,"No","Yes",1
5891,"Yes","No",1
5898,"Yes","No",1
5901,"Yes","No",1
5909,"No","Yes",1
5917,"Yes","No",1
5923,"No","Yes",1
5935,"Yes","No",1
5948,"No","Yes",1
5950,"Yes","No",1
5971,"Yes","No",1
5972,"No","Yes",1
5976,"Yes","No",1
5982,"Yes","No",1
5984,"Yes","No",1
5985,"Yes","No",1
5995,"Yes","No",1
5996,"Yes","No",1
5997,"Yes","No",1
6002,"Yes","No",1
6029,"No","Yes",1
6039,"Yes","No",1
6092,"Yes","No",1
6093,"Yes","No",1
6094,"Yes","No",1
6097,"No","Yes",1
6102,"Yes","No",1
6132,"Yes","No",1
6137,"Yes","No",1
6139,"Yes","No",1
6141,"No","Yes",1
6142,"No","Yes",1
6143,"Yes","No",1
6150,"Yes","No",1
6157,"Yes","No",1
6167,"No","Yes",1
6169,"No","Yes",1
6170,"No","Yes",1
6188,"Yes","No",1
6189,"Yes","No",1
6192,"No","Yes",1
6193,"Yes","No",1
6202,"Yes","No",1
6208,"No","Yes",1
6209,"No","Yes",1
6224,"No","Yes",1
6227,"No","Yes",1
6241,"Yes","No",1
6249,"Yes","No",1
6271,"No","Yes",1
6282,"Yes","No",1
6288,"No","Yes",1
6289,"No","Yes",1
6297,"Yes","No",1
6324,"Yes","No",1
6326,"Yes","No",1
6330,"Yes","No",1
6337,"Yes","No",1
6342,"Yes","No",1
6347,"No","Yes",1
6352,"Yes","No",1
6358,"No","Yes",1
6362,"No","Yes",1
6366,"No","Yes",1
6387,"Yes","No",1
6388,"Yes","No",1
6390,"Yes","No",1
6392,"Yes","No",1
6423,"No","Yes",1
6424,"No","Yes",1
6433,"Yes","No",1
6447,"No","Yes",1
6452,"Yes","No",1
6462,"No","Yes",1
6472,"Yes","No",1
6478,"Yes","No",1
6495,"Yes","No",1
6505,"Yes","No",1
6507,"Yes","No",1
6520,"No","Yes",1
6523,"No","Yes",1
6526,"Yes","No",1
6531,"No","Yes",1
6535,"No","Yes",1
6541,"Yes","No",1
6546,"No","Yes",1
6550,"No","Yes",1
6563,"Yes","No",1
6564,"Yes","No",1
6566,"Yes","No",1
6567,"Yes","No",1
6568,"No","Yes",1
6602,"Yes","No",1
6609,"Yes","No",1
6614,"No","Yes",1
6615,"No","Yes",1
6627,"Yes","No",1
6638,"Yes","No",1
6646,"Yes","No",1
6655,"Yes","No",1
6667,"Yes","No",1
6672,"Yes","No",1
6678,"No","Yes",1
6688,"Yes","No",1
6695,"Yes","No",1
6710,"Yes","No",1
6731,"Yes","No",1
6732,"Yes","No",1
6737,"Yes","No",1
6742,"Yes","No",1
6749,"Yes","No",1
6750,"No","Yes",1
6751,"Yes","No",1
6752,"Yes","No",1
6787,"Yes","No",1
6790,"Yes","No",1
6793,"Yes","No",1
6810,"Yes","No",1
6819,"No","Yes",1
6821,"Yes","No",1
6832,"Yes","No",1
6844,"Yes","No",1
6869,"No","Yes",1
6872,"Yes","No",1
6883,"Yes","No",1
6890,"Yes","No",1
6916,"Yes","No",1
6920,"Yes","No",1
6925,"Yes","No",1
6926,"Yes","No",1
6932,"Yes","No",1
6935,"Yes","No",1
6996,"Yes","No",1
7004,"Yes","No",1
7008,"Yes","No",1
7018,"No","Yes",1
7020,"Yes","No",1
7029,"Yes","No",1
7036,"No","Yes",1
7043,"Yes","No",1
7049,"No","Yes",1
7067,"Yes","No",1
7068,"Yes","No",1
7088,"Yes","No",1
7089,"Yes","No",1
7097,"Yes","No",1
7098,"Yes","No",1
7099,"Yes","No",1
7102,"No","Yes",1
7105,"Yes","No",1
7114,"Yes","No",1
7128,"Yes","No",1
7163,"No","Yes",1
7164,"Yes","No",1
7167,"Yes","No",1
7168,"Yes","No",1
7172,"Yes","No",1
7180,"No","Yes",1
7188,"Yes","No",1
7227,"Yes","No",1
7259,"Yes","No",1
7263,"Yes","No",1
7274,"Yes","No",1
7276,"No","Yes",1
7280,"Yes","No",1
7289,"Yes","No",1
7290,"Yes","No",1
7298,"Yes","No",1
7316,"Yes","No",1
7322,"Yes","No",1
7329,"Yes","No",1
7345,"Yes","No",1
7351,"No","Yes",1
7357,"Yes","No",1
7378,"Yes","No",1
7384,"Yes","No",1
7385,"Yes","No",1
7388,"Yes","No",1
7404,"No","Yes",1
7409,"Yes","No",1
7423,"Yes","No",1
7424,"Yes","No",1
7436,"Yes","No",1
7442,"Yes","No",1
7448,"No","Yes",1
7456,"Yes","No",1
7458,"Yes","No",1
7462,"Yes","No",1
7468,"Yes","No",1
7482,"No","Yes",1
7490,"Yes","No",1
7503,"No","Yes",1
7511,"Yes","No",1
7533,"Yes","No",1
7544,"No","Yes",1
7570,"Yes","No",1
7690,"Yes","No",1
7703,"Yes","No",1
7704,"No","Yes",1
7757,"No","Yes",1
7772,"No","Yes",1
7775,"Yes","No",1
7782,"Yes","No",1
7783,"No","Yes",1
7784,"No","Yes",1
7791,"Yes","No",1
7802,"Yes","No",1
7832,"Yes","No",1
7849,"Yes","No",1
7850,"No","Yes",1
7851,"Yes","No",1
7857,"No","Yes",1
7869,"Yes","No",1
7873,"Yes","No",1
7915,"Yes","No",1
7917,"No","Yes",1
7940,"No","Yes",1
7941,"No","Yes",1
7957,"Yes","No",1
7979,"Yes","No",1
8013,"Yes","No",1
8038,"No","Yes",1
8091,"Yes","No",1
8100,"Yes","No",1
8106,"Yes","No",1
8187,"Yes","No",1
8209,"No","Yes",1
8228,"Yes","No",1
8284,"No","Yes",1
8287,"No","Yes",1
8291,"Yes","No",1
8312,"Yes","No",1
8318,"No","Yes",1
8363,"No","Yes",1
8395,"No","Yes",1
8404,"Yes","No",1
8411,"Yes","No",1
8425,"Yes","No",1
8431,"No","Yes",1
8436,"No","Yes",1
8445,"Yes","No",1
8448,"Yes","No",1
8473,"Yes","No",1
8477,"Yes","No",1
8490,"Yes","No",1
8497,"Yes","No",1
8502,"Yes","No",1
8503,"Yes","No",1
8505,"Yes","No",1
8507,"No","Yes",1
8508,"Yes","No",1
8526,"Yes","No",1
8530,"No","Yes",1
8531,"Yes","No",1
8532,"No","Yes",1
8534,"No","Yes",1
8536,"No","Yes",1
8537,"Yes","No",1
8538,"Yes","No",1
8547,"No","Yes",1
8560,"Yes","No",1
8578,"Yes","No",1
8604,"Yes","No",1
8609,"Yes","No",1
8611,"Yes","No",1
8638,"No","Yes",1
8643,"Yes","No",1
8653,"No","Yes",1
8661,"Yes","No",1
8662,"Yes","No",1
8676,"Yes","No",1
8701,"Yes","No",1
8705,"No","Yes",1
8717,"Yes","No",1
8723,"Yes","No",1
8727,"Yes","No",1
8731,"Yes","No",1
8771,"No","Yes",1
8780,"Yes","No",1
8784,"No","Yes",1
8795,"Yes","No",1
8803,"Yes","No",1
8819,"Yes","No",1
8821,"Yes","No",1
8825,"No","Yes",1
8826,"Yes","No",1
8832,"Yes","No",1
8835,"No","Yes",1
8836,"Yes","No",1
8844,"Yes","No",1
8853,"No","Yes",1
8858,"No","Yes",1
8877,"No","Yes",1
8905,"Yes","No",1
8972,"No","Yes",1
8985,"Yes","No",1
8999,"No","Yes",1
9019,"Yes","No",1
9020,"No","Yes",1
9021,"No","Yes",1
9027,"Yes","No",1
9031,"Yes","No",1
9034,"Yes","No",1
9037,"Yes","No",1
9047,"No","Yes",1
9050,"Yes","No",1
9051,"No","Yes",1
9052,"Yes","No",1
9053,"No","Yes",1
9071,"Yes","No",1
9075,"Yes","No",1
9086,"No","Yes",1
9104,"Yes","No",1
9111,"Yes","No",1
9121,"Yes","No",1
9122,"Yes","No",1
9131,"Yes","No",1
9140,"Yes","No",1
9145,"Yes","No",1
9169,"Yes","No",1
9172,"No","Yes",1
9194,"Yes","No",1
9197,"Yes","No",1
9201,"Yes","No",1
9211,"Yes","No",1
9213,"Yes","No",1
9227,"Yes","No",1
9228,"No","Yes",1
9246,"Yes","No",1
9254,"Yes","No",1
9256,"Yes","No",1
9258,"Yes","No",1
9260,"No","Yes",1
9278,"No","Yes",1
9319,"Yes","No",1
9324,"Yes","No",1
9332,"Yes","No",1
9362,"No","Yes",1
9369,"Yes","No",1
9380,"Yes","No",1
9388,"No","Yes",1
9390,"No","Yes",1
9394,"Yes","No",1
9404,"Yes","No",1
9427,"No","Yes",1
9445,"Yes","No",1
9448,"Yes","No",1
9456,"Yes","No",1
9465,"Yes","No",1
9470,"Yes","No",1
9477,"Yes","No",1
9479,"Yes","No",1
9481,"Yes","No",1
9509,"No","Yes",1
9513,"Yes","No",1
9524,"Yes","No",1
9530,"Yes","No",1
9531,"Yes","No",1
9536,"No","Yes",1
9547,"Yes","No",1
9555,"Yes","No",1
9568,"No","Yes",1
9586,"Yes","No",1
9601,"Yes","No",1
9603,"Yes","No",1
9610,"No","Yes",1
9615,"No","Yes",1
9619,"Yes","No",1
9622,"No","Yes",1
9628,"No","Yes",1
9630,"Yes","No",1
9643,"Yes","No",1
9645,"Yes","No",1
9649,"Yes","No",1
9651,"No","Yes",1
9700,"Yes","No",1
9703,"Yes","No",1
9710,"Yes","No",1
9719,"Yes","No",1
9720,"Yes","No",1
9725,"Yes","No",1
9729,"Yes","No",1
9732,"Yes","No",1
9735,"Yes","No",1
9737,"Yes","No",1
9754,"Yes","No",1
9761,"Yes","No",1
9768,"No","Yes",1
9771,"Yes","No",1
9796,"No","Yes",1
9801,"Yes","No",1
9815,"Yes","No",1
9824,"No","Yes",1
9829,"Yes","No",1
9833,"Yes","No",1
9836,"Yes","No",1
9844,"Yes","No",1
9846,"Yes","No",1
9848,"Yes","No",1
9852,"Yes","No",1
9854,"Yes","No",1
9870,"Yes","No",1
9871,"Yes","No",1
9881,"Yes","No",1
9901,"Yes","No",1
9915,"Yes","No",1
9935,"Yes","No",1
9938,"Yes","No",1
9940,"Yes","No",1
9953,"Yes","No",1
9956,"No","Yes",1
9963,"Yes","No",1
10008,"Yes","No",1
10009,"Yes","No",1
10010,"Yes","No",1
10019,"Yes","No",1
10024,"No","Yes",1
10040,"Yes","No",1
10044,"Yes","No",1
10050,"Yes","No",1
10051,"Yes","No",1
10052,"Yes","No",1
10053,"Yes","No",1
10068,"Yes","No",1
10085,"Yes","No",1
10092,"Yes","No",1
10094,"Yes","No",1
10102,"Yes","No",1
10110,"Yes","No",1
10114,"Yes","No",1
10116,"Yes","No",1
10117,"Yes","No",1
10135,"Yes","No",1
10138,"Yes","No",1
10140,"Yes","No",1
10144,"Yes","No",1
10148,"No","Yes",1
10152,"Yes","No",1
10154,"Yes","No",1
10161,"Yes","No",1
10163,"Yes","No",1
10171,"Yes","No",1
10203,"Yes","No",1
10205,"Yes","No",1
10217,"Yes","No",1
10226,"Yes","No",1
10231,"Yes","No",1
10252,"Yes","No",1
10256,"No","Yes",1
10261,"No","Yes",1
10267,"No","Yes",1
10279,"Yes","No",1
10282,"Yes","No",1
10317,"No","Yes",1
10327,"Yes","No",1
10335,"Yes","No",1
10336,"Yes","No",1
10345,"No","Yes",1
10351,"Yes","No",1
10365,"No","Yes",1
10381,"No","Yes",1
10384,"Yes","No",1
10385,"Yes","No",1
10391,"Yes","No",1
10392,"Yes","No",1
10396,"Yes","No",1
10397,"Yes","No",1
10399,"No","Yes",1
10406,"Yes","No",1
10410,"No","Yes",1
10417,"No","Yes",1
10418,"Yes","No",1
10435,"Yes","No",1
10437,"Yes","No",1
10446,"Yes","No",1
10449,"No","Yes",1
10455,"Yes","No",1
10460,"Yes","No",1
10487,"Yes","No",1
10489,"Yes","No",1
10495,"Yes","No",1
10501,"No","Yes",1
10505,"Yes","No",1
10516,"Yes","No",1
10529,"Yes","No",1
10535,"No","Yes",1
10537,"Yes","No",1
10538,"No","Yes",1
10544,"No","Yes",1
10551,"No","Yes",1
10552,"Yes","No",1
10553,"Yes","No",1
10561,"Yes","No",1
10562,"No","Yes",1
10570,"No","Yes",1
10580,"Yes","No",1
10581,"No","Yes",1
10602,"Yes","No",1
10614,"Yes","No",1
10631,"No","Yes",1
10636,"Yes","No",1
10659,"Yes","No",1
10673,"Yes","No",1
10681,"Yes","No",1
10687,"Yes","No",1
10699,"Yes","No",1
10720,"No","Yes",1
10733,"Yes","No",1
10750,"Yes","No",1
10766,"Yes","No",1
10781,"Yes","No",1
10788,"Yes","No",1
10791,"Yes","No",1
10810,"Yes","No",1
10855,"Yes","No",1
10863,"Yes","No",1
10876,"No","Yes",1
10882,"No","Yes",1
10890,"Yes","No",1
10903,"Yes","No",1
10908,"Yes","No",1
10915,"Yes","No",1
10921,"Yes","No",1
10924,"Yes","No",1
10935,"Yes","No",1
10938,"Yes","No",1
10959,"Yes","No",1
10960,"Yes","No",1
10965,"No","Yes",1
10966,"No","Yes",1
10981,"Yes","No",1
10982,"Yes","No",1
10991,"No","Yes",1
10993,"No","Yes",1
10994,"Yes","No",1
11007,"Yes","No",1
11010,"Yes","No",1
11015,"No","Yes",1
11031,"Yes","No",1
11033,"Yes","No",1
11035,"Yes","No",1
11040,"Yes","No",1
11056,"Yes","No",1
11065,"No","Yes",1
11067,"Yes","No",1
11069,"Yes","No",1
11072,"Yes","No",1
11076,"No","Yes",1
11082,"Yes","No",1
11108,"Yes","No",1
11112,"Yes","No",1
11113,"No","Yes",1
11116,"Yes","No",1
11118,"Yes","No",1
11119,"Yes","No",1
11120,"Yes","No",1
11131,"No","Yes",1
11137,"Yes","No",1
11162,"Yes","No",1
11163,"Yes","No",1
11173,"No","Yes",1
11177,"Yes","No",1
11186,"Yes","No",1
11187,"No","Yes",1
11190,"Yes","No",1
11212,"Yes","No",1
11216,"Yes","No",1
11219,"No","Yes",1
11227,"No","Yes",1
11228,"Yes","No",1
11230,"No","Yes",1
11240,"Yes","No",1
11244,"Yes","No",1
11247,"No","Yes",1
11309,"Yes","No",1
11318,"No","Yes",1
11320,"Yes","No",1
11335,"Yes","No",1
22800,"Yes","No",1
22801,"No","Yes",1
22821,"Yes","No",1
22822,"Yes","No",1
22824,"No","Yes",1
22829,"No","Yes",1
22839,"Yes","No",1
22841,"Yes","No",1
22854,"No","Yes",1
22871,"Yes","No",1
22873,"Yes","No",1
22882,"Yes","No",1
22898,"Yes","No",1
22903,"Yes","No",1
22918,"Yes","No",1
22937,"Yes","No",1
22949,"Yes","No",1
22955,"Yes","No",1
22978,"Yes","No",1
22986,"No","Yes",1
22993,"Yes","No",1
22996,"Yes","No",1
23001,"No","Yes",1
23014,"No","Yes",1
23023,"Yes","No",1
23024,"Yes","No",1
23030,"Yes","No",1
23036,"Yes","No",1
23051,"Yes","No",1
23072,"Yes","No",1
23080,"Yes","No",1
23102,"Yes","No",1
23105,"No","Yes",1
23109,"No","Yes",1
23127,"Yes","No",1
23151,"Yes","No",1
23155,"Yes","No",1
23162,"Yes","No",1
23166,"No","Yes",1
23184,"Yes","No",1
23193,"Yes","No",1
23199,"Yes","No",1
23205,"Yes","No",1
23208,"Yes","No",1
23213,"No","Yes",1
23221,"No","Yes",1
23224,"No","Yes",1
23242,"Yes","No",1
23250,"Yes","No",1
23258,"Yes","No",1
23263,"Yes","No",1
23286,"Yes","No",1
23294,"Yes","No",1
23295,"Yes","No",1
23303,"No","Yes",1
23306,"Yes","No",1
23313,"Yes","No",1
23333,"Yes","No",1
23336,"Yes","No",1
23345,"Yes","No",1
23360,"Yes","No",1
23363,"Yes","No",1
23366,"Yes","No",1
23370,"Yes","No",1
23373,"Yes","No",1
23386,"Yes","No",1
23398,"Yes","No",1
23406,"Yes","No",1
23411,"Yes","No",1
23412,"Yes","No",1
23413,"Yes","No",1
23417,"Yes","No",1
23418,"No","Yes",1
23429,"Yes","No",1
23460,"Yes","No",1
23462,"Yes","No",1
23484,"Yes","No",1
23513,"Yes","No",1
23516,"Yes","No",1
23530,"Yes","No",1
23555,"No","Yes",1
23576,"Yes","No",1
23598,"Yes","No",1
23603,"Yes","No",1
23627,"No","Yes",1
23642,"Yes","No",1
23650,"No","Yes",1
23670,"Yes","No",1
23704,"Yes","No",1
23729,"No","Yes",1
23731,"Yes","No",1
23743,"Yes","No",1
23746,"Yes","No",1
23765,"Yes","No",1
23767,"Yes","No",1
23768,"Yes","No",1
23779,"Yes","No",1
23780,"Yes","No",1
23788,"Yes","No",1
24137,"Yes","No",1
24147,"No","Yes",1
25780,"Yes","No",1
25790,"No","Yes",1
25796,"No","Yes",1
25797,"No","Yes",1
25805,"Yes","No",1
25813,"Yes","No",1
25816,"Yes","No",1
25829,"Yes","No",1
25830,"No","Yes",1
25834,"Yes","No",1
25840,"Yes","No",1
25847,"Yes","No",1
25859,"No","Yes",1
25864,"Yes","No",1
25874,"Yes","No",1
25878,"Yes","No",1
25890,"No","Yes",1
25900,"Yes","No",1
25902,"Yes","No",1
25915,"Yes","No",1
25923,"Yes","No",1
25939,"Yes","No",1
25948,"Yes","No",1
25953,"Yes","No",1
25961,"Yes","No",1
25983,"Yes","No",1
25994,"Yes","No",1
26009,"Yes","No",1
26061,"Yes","No",1
26073,"Yes","No",1
26084,"Yes","No",1
26108,"Yes","No",1
26136,"Yes","No",1
26154,"Yes","No",1
26191,"Yes","No",1
26249,"No","Yes",1
26278,"Yes","No",1
26290,"No","Yes",1
26298,"No","Yes",1
26353,"Yes","No",1
26470,"No","Yes",1
26471,"Yes","No",1
26472,"Yes","No",1
26507,"No","Yes",1
26509,"Yes","No",1
26521,"Yes","No",1
26579,"No","Yes",1
26586,"Yes","No",1
26872,"Yes","No",1
26873,"No","Yes",1
26999,"Yes","No",1
27018,"Yes","No",1
27034,"Yes","No",1
27036,"No","Yes",1
27068,"Yes","No",1
27069,"Yes","No",1
27072,"Yes","No",1
27075,"Yes","No",1
27098,"Yes","No",1
27106,"Yes","No",1
27109,"Yes","No",1
27113,"Yes","No",1
27115,"Yes","No",1
27128,"Yes","No",1
27133,"Yes","No",1
27141,"No","Yes",1
27143,"Yes","No",1
27145,"Yes","No",1
27151,"Yes","No",1
27164,"No","Yes",1
27180,"No","Yes",1
27181,"No","Yes",1
27199,"No","Yes",1
27233,"No","Yes",1
27284,"Yes","No",1
27286,"No","Yes",1
27295,"No","Yes",1
27324,"Yes","No",1
27329,"No","Yes",1
27340,"Yes","No",1
27346,"Yes","No",1
27347,"Yes","No",1
27443,"Yes","No",1
28512,"Yes","No",1
28984,"Yes","No",1
28988,"Yes","No",1
28992,"Yes","No",1
29015,"No","Yes",1
29028,"Yes","No",1
29097,"Yes","No",1
29098,"Yes","No",1
29108,"No","Yes",1
29114,"No","Yes",1
29118,"No","Yes",1
29126,"Yes","No",1
29127,"Yes","No",1
29128,"No","Yes",1
29763,"Yes","No",1
29767,"Yes","No",1
29780,"Yes","No",1
29896,"Yes","No",1
29902,"Yes","No",1
29904,"Yes","No",1
29915,"Yes","No",1
29943,"No","Yes",1
29946,"Yes","No",1
29947,"No","Yes",1
29953,"No","Yes",1
29957,"Yes","No",1
29969,"Yes","No",1
29984,"No","Yes",1
29988,"Yes","No",1
30001,"Yes","No",1
30827,"Yes","No",1
30837,"No","Yes",1
50486,"Yes","No",1
50619,"Yes","No",1
50650,"No","Yes",1
50807,"Yes","No",1
50808,"Yes","No",1
50855,"Yes","No",1
50856,"Yes","No",1
50863,"Yes","No",1
50937,"Yes","No",1
50943,"No","Yes",1
50964,"No","Yes",1
51069,"Yes","No",1
51086,"Yes","No",1
51097,"Yes","No",1
51114,"Yes","No",1
51115,"Yes","No",1
51135,"Yes","No",1
51148,"No","Yes",1
51176,"No","Yes",1
51187,"Yes","No",1
51201,"Yes","No",1
51203,"Yes","No",1
51218,"Yes","No",1
51248,"Yes","No",1
51250,"Yes","No",1
51251,"Yes","No",1
51257,"Yes","No",1
51279,"No","Yes",1
51283,"Yes","No",1
51285,"Yes","No",1
51287,"Yes","No",1
51291,"Yes","No",1
51292,"Yes","No",1
51296,"No","Yes",1
51310,"Yes","No",1
51313,"Yes","No",1
51316,"No","Yes",1
51330,"No","Yes",1
51338,"Yes","No",1
51352,"No","Yes",1
51360,"Yes","No",1
51363,"No","Yes",1
51365,"Yes","No",1
51368,"Yes","No",1
51399,"Yes","No",1
51428,"Yes","No",1
51440,"No","Yes",1
51450,"No","Yes",1
51466,"Yes","No",1
51491,"Yes","No",1
51495,"Yes","No",1
51501,"Yes","No",1
51514,"Yes","No",1
51526,"Yes","No",1
51537,"No","Yes",1
51557,"Yes","No",1
51560,"Yes","No",1
51566,"Yes","No",1
51574,"Yes","No",1
51586,"Yes","No",1
51606,"Yes","No",1
51629,"Yes","No",1
51660,"Yes","No",1
51673,"Yes","No",1
51710,"Yes","No",1
51733,"Yes","No",1
51734,"Yes","No",1
51735,"Yes","No",1
51750,"Yes","No",1
51759,"Yes","No",1
51816,"Yes","No",1
53343,"Yes","No",1
53346,"Yes","No",1
53358,"Yes","No",1
53373,"Yes","No",1
53630,"Yes","No",1
53637,"No","Yes",1
53827,"No","Yes",1
53828,"No","Yes",1
53829,"Yes","No",1
53833,"No","Yes",1
53904,"Yes","No",1
53917,"Yes","No",1
54033,"Yes","No",1
54039,"Yes","No",1
54088,"No","Yes",1
54102,"No","Yes",1
54107,"Yes","No",1
54187,"Yes","No",1
54207,"No","Yes",1
54414,"Yes","No",1
54440,"No","Yes",1
54455,"Yes","No",1
54464,"Yes","No",1
54495,"Yes","No",1
54498,"No","Yes",1
54502,"Yes","No",1
54503,"Yes","No",1
54518,"Yes","No",1
54521,"Yes","No",1
54532,"Yes","No",1
54546,"No","Yes",1
54550,"No","Yes",1
54575,"No","Yes",1
54577,"No","Yes",1
54578,"No","Yes",1
54587,"No","Yes",1
54600,"No","Yes",1
54623,"Yes","No",1
54662,"Yes","No",1
54681,"Yes","No",1
54732,"No","Yes",1
54801,"Yes","No",1
54806,"Yes","No",1
54809,"Yes","No",1
54814,"No","Yes",1
54829,"No","Yes",1
54843,"Yes","No",1
54855,"No","Yes",1
54858,"Yes","No",1
54866,"No","Yes",1
54872,"Yes","No",1
54873,"Yes","No",1
54882,"Yes","No",1
54893,"Yes","No",1
54894,"Yes","No",1
54899,"Yes","No",1
54931,"Yes","No",1
54936,"Yes","No",1
54951,"Yes","No",1
54960,"Yes","No",1
54985,"Yes","No",1
55007,"No","Yes",1
55013,"No","Yes",1
55016,"Yes","No",1
55020,"Yes","No",1
55022,"Yes","No",1
55026,"Yes","No",1
55040,"No","Yes",1
55061,"Yes","No",1
55076,"No","Yes",1
55080,"Yes","No",1
55081,"Yes","No",1
55083,"Yes","No",1
55084,"Yes","No",1
55088,"Yes","No",1
55160,"Yes","No",1
55165,"Yes","No",1
55170,"Yes","No",1
55175,"Yes","No",1
55191,"Yes","No",1
55203,"Yes","No",1
55205,"Yes","No",1
55215,"Yes","No",1
55220,"No","Yes",1
55244,"No","Yes",1
55246,"Yes","No",1
55248,"Yes","No",1
55254,"Yes","No",1
55255,"Yes","No",1
55256,"No","Yes",1
55276,"Yes","No",1
55283,"Yes","No",1
55295,"Yes","No",1
55314,"Yes","No",1
55316,"Yes","No",1
55320,"Yes","No",1
55323,"Yes","No",1
55325,"Yes","No",1
55329,"Yes","No",1
55332,"Yes","No",1
55333,"Yes","No",1
55342,"No","Yes",1
55347,"Yes","No",1
55353,"Yes","No",1
55384,"Yes","No",1
55432,"Yes","No",1
55503,"No","Yes",1
55509,"No","Yes",1
55521,"No","Yes",1
55531,"No","Yes",1
55540,"Yes","No",1
55556,"Yes","No",1
55558,"Yes","No",1
55559,"No","Yes",1
55589,"Yes","No",1
55596,"Yes","No",1
55604,"Yes","No",1
55608,"Yes","No",1
55612,"Yes","No",1
55615,"Yes","No",1
55619,"Yes","No",1
55635,"Yes","No",1
55651,"Yes","No",1
55652,"Yes","No",1
55664,"Yes","No",1
55704,"Yes","No",1
55743,"Yes","No",1
55784,"Yes","No",1
55790,"Yes","No",1
55799,"Yes","No",1
55803,"Yes","No",1
55818,"Yes","No",1
55819,"Yes","No",1
55824,"Yes","No",1
55825,"Yes","No",1
55833,"Yes","No",1
55856,"Yes","No",1
55861,"Yes","No",1
55862,"Yes","No",1
55872,"Yes","No",1
55890,"Yes","No",1
55893,"Yes","No",1
55900,"Yes","No",1
55902,"Yes","No",1
55908,"No","Yes",1
55937,"Yes","No",1
55959,"No","Yes",1
55973,"Yes","No",1
56127,"No","Yes",1
56129,"No","Yes",1
56242,"Yes","No",1
56253,"Yes","No",1
56261,"Yes","No",1
56477,"Yes","No",1
56606,"Yes","No",1
56650,"Yes","No",1
56666,"Yes","No",1
56667,"Yes","No",1
56672,"Yes","No",1
56729,"No","Yes",1
56731,"Yes","No",1
56776,"No","Yes",1
56833,"Yes","No",1
56852,"Yes","No",1
56892,"Yes","No",1
56894,"No","Yes",1
56898,"No","Yes",1
56907,"Yes","No",1
56915,"No","Yes",1
56922,"Yes","No",1
56925,"Yes","No",1
56929,"Yes","No",1
56935,"Yes","No",1
56938,"Yes","No",1
56944,"Yes","No",1
56950,"Yes","No",1
56975,"Yes","No",1
57097,"Yes","No",1
57099,"Yes","No",1
57103,"Yes","No",1
57110,"No","Yes",1
57118,"Yes","No",1
57121,"Yes","No",1
57124,"No","Yes",1
57156,"No","Yes",1
57159,"No","Yes",1
57161,"Yes","No",1
57182,"Yes","No",1
57185,"Yes","No",1
57209,"Yes","No",1
57210,"Yes","No",1
57222,"Yes","No",1
57224,"Yes","No",1
57291,"Yes","No",1
57343,"Yes","No",1
57393,"Yes","No",1
57406,"No","Yes",1
57409,"Yes","No",1
57413,"No","Yes",1
57418,"Yes","No",1
57447,"No","Yes",1
57462,"Yes","No",1
57465,"Yes","No",1
57484,"Yes","No",1
57488,"Yes","No",1
57519,"Yes","No",1
57520,"Yes","No",1
57531,"Yes","No",1
57538,"Yes","No",1
57545,"Yes","No",1
57546,"Yes","No",1
57553,"Yes","No",1
57556,"Yes","No",1
57559,"Yes","No",1
57568,"Yes","No",1
57573,"Yes","No",1
57575,"Yes","No",1
57577,"Yes","No",1
57580,"Yes","No",1
57586,"No","Yes",1
57600,"No","Yes",1
57608,"Yes","No",1
57630,"Yes","No",1
57655,"Yes","No",1
57658,"Yes","No",1
57664,"No","Yes",1
57670,"Yes","No",1
57674,"Yes","No",1
57688,"Yes","No",1
57709,"No","Yes",1
57717,"No","Yes",1
57722,"No","Yes",1
57730,"Yes","No",1
57801,"Yes","No",1
57805,"Yes","No",1
57817,"No","Yes",1
57823,"Yes","No",1
57827,"No","Yes",1
57834,"No","Yes",1
57863,"No","Yes",1
58472,"Yes","No",1
58473,"Yes","No",1
58486,"Yes","No",1
58496,"No","Yes",1
59271,"No","Yes",1
59277,"Yes","No",1
59307,"Yes","No",1
59352,"Yes","No",1
60489,"No","Yes",1
60526,"Yes","No",1
60559,"Yes","No",1
60674,"Yes","No",1
60677,"Yes","No",1
60686,"Yes","No",1
63891,"Yes","No",1
63910,"Yes","No",1
63917,"Yes","No",1
63933,"Yes","No",1
63951,"Yes","No",1
64005,"No","Yes",1
64073,"No","Yes",1
64077,"Yes","No",1
64087,"Yes","No",1
64091,"Yes","No",1
64093,"No","Yes",1
64094,"No","Yes",1
64105,"Yes","No",1
64122,"Yes","No",1
64123,"Yes","No",1
64147,"Yes","No",1
64167,"No","Yes",1
64174,"Yes","No",1
64175,"No","Yes",1
64207,"Yes","No",1
64222,"Yes","No",1
64285,"Yes","No",1
64398,"Yes","No",1
64399,"Yes","No",1
64405,"No","Yes",1
64427,"Yes","No",1
64432,"Yes","No",1
64577,"No","Yes",1
64581,"Yes","No",1
64595,"No","Yes",1
64641,"Yes","No",1
64744,"Yes","No",1
64748,"No","Yes",1
64756,"Yes","No",1
64778,"Yes","No",1
64782,"Yes","No",1
64784,"Yes","No",1
64850,"No","Yes",1
64854,"Yes","No",1
64856,"Yes","No",1
64922,"Yes","No",1
64926,"No","Yes",1
64968,"Yes","No",1
65010,"Yes","No",1
65078,"No","Yes",1
65082,"Yes","No",1
65084,"Yes","No",1
65108,"No","Yes",1
65125,"No","Yes",1
65217,"No","Yes",1
65260,"Yes","No",1
66002,"Yes","No",1
66004,"Yes","No",1
78986,"No","Yes",1
79001,"Yes","No",1
79019,"No","Yes",1
79026,"Yes","No",1
79041,"Yes","No",1
79092,"No","Yes",1
79098,"Yes","No",1
79135,"Yes","No",1
79139,"Yes","No",1
79152,"No","Yes",1
79154,"Yes","No",1
79156,"No","Yes",1
79158,"Yes","No",1
79174,"Yes","No",1
79180,"Yes","No",1
79184,"Yes","No",1
79192,"No","Yes",1
79228,"Yes","No",1
79366,"Yes","No",1
79415,"No","Yes",1
79444,"No","Yes",1
79570,"No","Yes",1
79608,"No","Yes",1
79625,"Yes","No",1
79630,"Yes","No",1
79632,"Yes","No",1
79642,"Yes","No",1
79651,"Yes","No",1
79660,"Yes","No",1
79668,"Yes","No",1
79695,"Yes","No",1
79705,"Yes","No",1
79711,"Yes","No",1
79714,"Yes","No",1
79718,"Yes","No",1
79754,"Yes","No",1
79760,"Yes","No",1
79774,"No","Yes",1
79778,"No","Yes",1
79781,"Yes","No",1
79783,"Yes","No",1
79789,"Yes","No",1
79801,"Yes","No",1
79813,"Yes","No",1
79815,"Yes","No",1
79818,"Yes","No",1
79819,"Yes","No",1
79823,"Yes","No",1
79846,"Yes","No",1
79848,"Yes","No",1
79849,"No","Yes",1
79868,"Yes","No",1
79875,"Yes","No",1
79876,"Yes","No",1
79883,"No","Yes",1
79885,"Yes","No",1
79912,"Yes","No",1
79919,"Yes","No",1
79939,"Yes","No",1
79953,"Yes","No",1
79956,"Yes","No",1
79977,"No","Yes",1
79980,"Yes","No",1
79993,"Yes","No",1
80004,"Yes","No",1
80018,"Yes","No",1
80020,"Yes","No",1
80023,"Yes","No",1
80127,"Yes","No",1
80131,"No","Yes",1
80145,"Yes","No",1
80150,"Yes","No",1
80168,"No","Yes",1
80183,"No","Yes",1
80206,"Yes","No",1
80221,"Yes","No",1
80243,"No","Yes",1
80258,"Yes","No",1
80270,"No","Yes",1
80274,"No","Yes",1
80310,"Yes","No",1
80311,"Yes","No",1
80315,"Yes","No",1
80709,"Yes","No",1
80723,"Yes","No",1
80736,"Yes","No",1
80763,"No","Yes",1
80818,"Yes","No",1
80821,"Yes","No",1
80830,"Yes","No",1
80852,"No","Yes",1
80856,"Yes","No",1
81029,"No","Yes",1
81537,"Yes","No",1
81539,"Yes","No",1
81543,"No","Yes",1
81544,"No","Yes",1
81552,"Yes","No",1
81557,"No","Yes",1
81575,"Yes","No",1
81578,"Yes","No",1
81602,"Yes","No",1
81607,"Yes","No",1
81615,"Yes","No",1
81617,"Yes","No",1
81618,"Yes","No",1
81620,"Yes","No",1
81631,"Yes","No",1
81691,"Yes","No",1
81704,"Yes","No",1
81706,"Yes","No",1
81788,"Yes","No",1
81792,"No","Yes",1
81839,"Yes","No",1
81848,"Yes","No",1
81855,"Yes","No",1
81889,"No","Yes",1
81932,"Yes","No",1
83440,"Yes","No",1
83461,"No","Yes",1
83483,"Yes","No",1
83538,"Yes","No",1
83540,"Yes","No",1
83541,"Yes","No",1
83605,"Yes","No",1
83640,"Yes","No",1
83657,"Yes","No",1
83666,"Yes","No",1
83716,"Yes","No",1
83874,"Yes","No",1
83892,"Yes","No",1
83959,"No","Yes",1
84002,"Yes","No",1
84034,"Yes","No",1
84059,"No","Yes",1
84078,"Yes","No",1
84102,"Yes","No",1
84129,"Yes","No",1
84133,"Yes","No",1
84138,"Yes","No",1
84152,"No","Yes",1
84166,"Yes","No",1
84168,"No","Yes",1
84193,"Yes","No",1
84230,"Yes","No",1
84246,"Yes","No",1
84259,"Yes","No",1
84263,"Yes","No",1
84264,"Yes","No",1
84289,"Yes","No",1
84329,"Yes","No",1
84418,"Yes","No",1
84433,"No","Yes",1
84444,"Yes","No",1
84455,"Yes","No",1
84457,"Yes","No",1
84467,"No","Yes",1
84517,"Yes","No",1
84522,"Yes","No",1
84548,"Yes","No",1
84617,"Yes","No",1
84619,"Yes","No",1
84620,"Yes","No",1
84624,"No","Yes",1
84626,"Yes","No",1
84634,"No","Yes",1
84636,"Yes","No",1
84649,"Yes","No",1
84650,"Yes","No",1
84662,"Yes","No",1
84676,"No","Yes",1
84678,"Yes","No",1
84687,"Yes","No",1
84689,"Yes","No",1
84693,"Yes","No",1
84701,"Yes","No",1
84752,"Yes","No",1
84775,"Yes","No",1
84792,"Yes","No",1
84812,"No","Yes",1
84826,"Yes","No",1
84830,"Yes","No",1
84836,"Yes","No",1
84858,"Yes","No",1
84869,"Yes","No",1
84871,"No","Yes",1
84892,"Yes","No",1
84894,"Yes","No",1
84910,"Yes","No",1
84911,"Yes","No",1
84915,"Yes","No",1
84935,"No","Yes",1
84947,"Yes","No",1
84957,"No","Yes",1
84958,"Yes","No",1
84962,"Yes","No",1
85007,"Yes","No",1
85027,"No","Yes",1
85379,"Yes","No",1
85407,"Yes","No",1
85442,"No","Yes",1
85477,"No","Yes",1
88455,"Yes","No",1
89790,"No","Yes",1
89796,"Yes","No",1
89822,"No","Yes",1
90141,"Yes","No",1
90167,"No","Yes",1
90249,"No","Yes",1
90293,"Yes","No",1
90441,"Yes","No",1
90507,"Yes","No",1
90736,"Yes","No",1
90853,"No","Yes",1
90861,"Yes","No",1
90874,"Yes","No",1
90987,"Yes","No",1
91010,"Yes","No",1
91039,"Yes","No",1
91351,"Yes","No",1
91523,"Yes","No",1
91584,"Yes","No",1
91607,"Yes","No",1
91683,"No","Yes",1
91703,"Yes","No",1
91862,"Yes","No",1
91875,"Yes","No",1
91894,"Yes","No",1
91937,"Yes","No",1
92106,"Yes","No",1
92129,"No","Yes",1
92312,"Yes","No",1
92597,"Yes","No",1
92689,"Yes","No",1
92745,"No","Yes",1
92949,"Yes","No",1
93589,"No","Yes",1
93664,"Yes","No",1
94031,"No","Yes",1
94097,"Yes","No",1
94103,"Yes","No",1
94121,"Yes","No",1
94240,"Yes","No",1
94241,"Yes","No",1
112479,"Yes","No",1
112483,"Yes","No",1
112597,"No","Yes",1
112724,"Yes","No",1
112812,"Yes","No",1
112885,"No","Yes",1
113130,"No","Yes",1
113146,"No","Yes",1
113189,"Yes","No",1
113201,"Yes","No",1
113220,"Yes","No",1
113452,"No","Yes",1
113457,"No","Yes",1
113675,"Yes","No",1
114131,"No","Yes",1
114614,"Yes","No",1
114757,"No","Yes",1
114789,"No","Yes",1
114793,"Yes","No",1
114796,"Yes","No",1
114804,"Yes","No",1
114880,"No","Yes",1
114899,"Yes","No",1
114902,"No","Yes",1
114904,"Yes","No",1
114905,"No","Yes",1
114907,"Yes","No",1
114908,"Yes","No",1
115019,"No","Yes",1
115290,"Yes","No",1
115352,"Yes","No",1
115362,"Yes","No",1
115584,"No","Yes",1
115704,"Yes","No",1
115749,"No","Yes",1
115811,"Yes","No",1
115825,"Yes","No",1
116228,"Yes","No",1
116238,"Yes","No",1
116254,"Yes","No",1
116362,"Yes","No",1
116448,"No","Yes",1
116496,"Yes","No",1
116535,"Yes","No",1
116842,"No","Yes",1
116966,"Yes","No",1
116986,"No","Yes",1
116987,"Yes","No",1
117145,"Yes","No",1
117154,"No","Yes",1
117245,"No","Yes",1
117246,"Yes","No",1
117247,"Yes","No",1
117283,"No","Yes",1
117289,"Yes","No",1
117583,"Yes","No",1
117854,"Yes","No",1
118663,"No","Yes",1
118738,"No","Yes",1
118812,"Yes","No",1
119391,"Yes","No",1
120224,"Yes","No",1
121260,"Yes","No",1
121457,"Yes","No",1
122402,"Yes","No",1
122664,"No","Yes",1
122970,"Yes","No",1
123096,"Yes","No",1
123264,"No","Yes",1
123355,"Yes","No",1
124402,"Yes","No",1
124460,"No","Yes",1
124872,"Yes","No",1
124936,"Yes","No",1
124976,"Yes","No",1
124997,"Yes","No",1
125113,"No","Yes",1
125206,"No","Yes",1
125488,"Yes","No",1
126326,"Yes","No",1
126353,"Yes","No",1
126567,"No","Yes",1
126823,"Yes","No",1
127018,"Yes","No",1
127294,"No","Yes",1
127435,"No","Yes",1
127703,"Yes","No",1
127707,"Yes","No",1
127733,"Yes","No",1
127943,"No","Yes",1
128218,"No","Yes",1
128338,"Yes","No",1
128387,"Yes","No",1
128853,"Yes","No",1
129285,"Yes","No",1
129607,"Yes","No",1
129642,"Yes","No",1
129804,"Yes","No",1
129807,"No","Yes",1
130271,"Yes","No",1
130574,"Yes","No",1
130576,"No","Yes",1
130752,"Yes","No",1
130888,"Yes","No",1
130940,"Yes","No",1
131405,"No","Yes",1
131920,"No","Yes",1
132332,"No","Yes",1
132430,"Yes","No",1
132671,"Yes","No",1
132864,"Yes","No",1
133022,"Yes","No",1
133418,"Yes","No",1
133746,"Yes","No",1
133957,"Yes","No",1
134266,"Yes","No",1
134285,"Yes","No",1
134526,"No","Yes",1
134548,"Yes","No",1
134728,"Yes","No",1
135138,"Yes","No",1
135932,"Yes","No",1
136319,"Yes","No",1
137872,"No","Yes",1
137964,"No","Yes",1
137970,"No","Yes",1
139221,"No","Yes",1
139728,"No","Yes",1
140469,"No","Yes",1
140597,"Yes","No",1
140628,"No","Yes",1
140691,"Yes","No",1
140766,"No","Yes",1
140803,"No","Yes",1
140885,"Yes","No",1
142680,"No","Yes",1
142685,"No","Yes",1
143098,"Yes","No",1
143458,"Yes","No",1
143503,"Yes","No",1
143684,"Yes","No",1
143888,"Yes","No",1
143941,"No","Yes",1
144100,"Yes","No",1
144110,"Yes","No",1
144347,"No","Yes",1
144501,"No","Yes",1
144811,"Yes","No",1
145270,"No","Yes",1
145773,"Yes","No",1
146183,"No","Yes",1
146206,"Yes","No",1
146223,"Yes","No",1
146330,"Yes","No",1
146456,"No","Yes",1
146691,"Yes","No",1
146722,"No","Yes",1
146850,"No","Yes",1
146857,"Yes","No",1
146894,"No","Yes",1
147040,"Yes","No",1
147372,"Yes","No",1
147463,"Yes","No",1
147912,"Yes","No",1
147920,"No","Yes",1
148022,"Yes","No",1
148223,"Yes","No",1
148281,"No","Yes",1
148398,"Yes","No",1
148867,"Yes","No",1
149465,"No","Yes",1
150094,"Yes","No",1
150223,"Yes","No",1
150383,"Yes","No",1
150726,"No","Yes",1
151126,"Yes","No",1
151295,"Yes","No",1
151354,"Yes","No",1
151449,"Yes","No",1
151473,"Yes","No",1
151531,"No","Yes",1
151636,"Yes","No",1
151887,"No","Yes",1
152330,"Yes","No",1
152519,"Yes","No",1
152926,"Yes","No",1
153218,"No","Yes",1
153562,"Yes","No",1
153579,"Yes","No",1
153733,"Yes","No",1
154214,"Yes","No",1
154661,"Yes","No",1
154664,"Yes","No",1
154810,"Yes","No",1
155382,"Yes","No",1
155400,"Yes","No",1
157285,"Yes","No",1
157310,"No","Yes",1
157506,"Yes","No",1
157638,"Yes","No",1
157724,"No","Yes",1
157807,"No","Yes",1
157869,"No","Yes",1
158158,"Yes","No",1
158326,"No","Yes",1
158471,"Yes","No",1
159371,"Yes","No",1
160419,"No","Yes",1
160851,"Yes","No",1
161176,"Yes","No",1
161198,"Yes","No",1
161291,"Yes","No",1
161742,"Yes","No",1
162073,"Yes","No",1
162394,"Yes","No",1
162967,"Yes","No",1
163059,"Yes","No",1
163175,"Yes","No",1
163183,"Yes","No",1
163255,"Yes","No",1
163589,"Yes","No",1
163702,"Yes","No",1
164656,"No","Yes",1
165140,"Yes","No",1
167410,"Yes","No",1
168002,"Yes","No",1
168451,"Yes","No",1
169714,"Yes","No",1
169792,"Yes","No",1
170384,"Yes","No",1
170689,"Yes","No",1
170690,"Yes","No",1
171425,"No","Yes",1
192683,"Yes","No",1
196047,"Yes","No",1
196446,"Yes","No",1
196475,"Yes","No",1
197135,"Yes","No",1
197259,"Yes","No",1
199920,"Yes","No",1
199964,"No","Yes",1
200081,"Yes","No",1
200197,"Yes","No",1
200316,"Yes","No",1
200373,"Yes","No",1
200407,"No","Yes",1
200558,"Yes","No",1
200845,"Yes","No",1
200879,"Yes","No",1
200916,"No","Yes",1
201161,"Yes","No",1
201456,"Yes","No",1
201725,"Yes","No",1
203068,"Yes","No",1
203259,"Yes","No",1
203328,"Yes","No",1
219285,"Yes","No",1
219293,"No","Yes",1
219736,"No","Yes",1
220001,"No","Yes",1
220064,"Yes","No",1
221035,"Yes","No",1
221061,"Yes","No",1
221184,"Yes","No",1
221188,"No","Yes",1
221262,"No","Yes",1
221322,"Yes","No",1
221416,"Yes","No",1
221476,"No","Yes",1
221895,"Yes","No",1
222171,"Yes","No",1
222236,"Yes","No",1
222545,"No","Yes",1
222865,"No","Yes",1
223082,"Yes","No",1
223117,"Yes","No",1
246181,"No","Yes",1
252884,"Yes","No",1
253430,"Yes","No",1
253512,"Yes","No",1
253982,"No","Yes",1
254439,"No","Yes",1
254827,"Yes","No",1
255082,"Yes","No",1
255104,"Yes","No",1
256158,"No","Yes",1
256714,"No","Yes",1
257019,"No","Yes",1
257194,"Yes","No",1
257364,"Yes","No",1
259173,"Yes","No",1
259217,"Yes","No",1
261729,"Yes","No",1
266722,"No","Yes",1
266812,"Yes","No",1
282969,"Yes","No",1
282991,"Yes","No",1
283104,"Yes","No",1
283120,"No","Yes",1
283208,"No","Yes",1
283209,"Yes","No",1
283212,"No","Yes",1
283219,"Yes","No",1
283238,"No","Yes",1
283316,"No","Yes",1
283349,"Yes","No",1
283422,"No","Yes",1
283431,"Yes","No",1
283455,"No","Yes",1
283464,"Yes","No",1
283483,"No","Yes",1
283635,"Yes","No",1
283849,"Yes","No",1
283927,"No","Yes",1
283971,"No","Yes",1
284071,"Yes","No",1
284207,"Yes","No",1
284370,"Yes","No",1
284611,"Yes","No",1
284612,"Yes","No",1
284716,"Yes","No",1
284723,"No","Yes",1
284801,"No","Yes",1
284825,"Yes","No",1
284835,"Yes","No",1
284992,"No","Yes",1
284996,"Yes","No",1
285148,"Yes","No",1
285195,"Yes","No",1
285343,"Yes","No",1
285349,"No","Yes",1
285362,"Yes","No",1
285368,"Yes","No",1
285382,"Yes","No",1
285441,"No","Yes",1
285533,"Yes","No",1
285556,"No","Yes",1
285755,"Yes","No",1
285958,"Yes","No",1
285966,"Yes","No",1
286204,"No","Yes",1
286336,"No","Yes",1
286527,"Yes","No",1
286749,"No","Yes",1
286827,"No","Yes",1
338645,"Yes","No",1
338773,"No","Yes",1
339366,"No","Yes",1
339479,"No","Yes",1
340094,"No","Yes",1
340120,"Yes","No",1
340547,"No","Yes",1
340554,"Yes","No",1
340990,"No","Yes",1
341277,"No","Yes",1
342371,"Yes","No",1
342909,"Yes","No",1
342918,"No","Yes",1
343413,"Yes","No",1
347730,"No","Yes",1
348174,"No","Yes",1
348932,"No","Yes",1
353116,"Yes","No",1
353322,"Yes","No",1
353376,"Yes","No",1
359845,"Yes","No",1
374291,"Yes","No",1
374383,"No","Yes",1
374407,"No","Yes",1
374462,"No","Yes",1
374864,"Yes","No",1
374900,"Yes","No",1
375057,"No","Yes",1
375307,"No","Yes",1
375337,"Yes","No",1
376267,"Yes","No",1
377841,"No","Yes",1
378832,"No","Yes",1
386617,"No","Yes",1
387066,"No","Yes",1
387082,"Yes","No",1
387521,"No","Yes",1
387700,"Yes","No",1
388536,"Yes","No",1
388567,"No","Yes",1
388939,"No","Yes",1
389119,"Yes","No",1
389336,"No","Yes",1
389337,"Yes","No",1
389432,"Yes","No",1
389493,"No","Yes",1
391123,"No","Yes",1
392465,"Yes","No",1
392636,"Yes","No",1
399473,"No","Yes",1
399474,"Yes","No",1
399512,"Yes","No",1
399664,"Yes","No",1
399717,"No","Yes",1
399821,"Yes","No",1
399823,"No","Yes",1
400043,"Yes","No",1
400224,"No","Yes",1
400236,"Yes","No",1
400410,"Yes","No",1
400506,"Yes","No",1
400581,"Yes","No",1
400720,"No","Yes",1
400743,"No","Yes",1
400954,"No","Yes",1
400961,"No","Yes",1
401022,"Yes","No",1
401081,"Yes","No",1
401145,"No","Yes",1
401431,"Yes","No",1
401466,"Yes","No",1
401492,"No","Yes",1
401944,"No","Yes",1
404550,"Yes","No",1
407738,"No","Yes",1
414189,"Yes","No",1
439921,"Yes","No",1
440119,"No","Yes",1
440173,"No","Yes",1
440275,"Yes","No",1
440279,"Yes","No",1
440503,"Yes","No",1
440699,"No","Yes",1
440712,"Yes","No",1
441027,"No","Yes",1
441369,"Yes","No",1
441476,"No","Yes",1
442421,"Yes","No",1
503637,"No","Yes",1
548596,"No","Yes",1
550631,"Yes","No",1
641371,"No","Yes",1
642273,"Yes","No",1
643596,"No","Yes",1
643699,"Yes","No",1
644090,"Yes","No",1
644242,"Yes","No",1
644596,"Yes","No",1
646457,"No","Yes",1
647309,"Yes","No",1
652968,"No","Yes",1
653308,"Yes","No",1
653316,"No","Yes",1
653784,"Yes","No",1
654346,"No","Yes",1
654434,"Yes","No",1
654463,"No","Yes",1
728040,"No","Yes",1
728591,"Yes","No",1
728978,"No","Yes",1
729723,"No","Yes",1
729732,"Yes","No",1
729830,"No","Yes",1
729873,"No","Yes",1
729967,"Yes","No",1
730051,"Yes","No",1
100126793,"Yes","No",1
100128252,"Yes","No",1
100128385,"No","Yes",1
100129361,"Yes","No",1
100129597,"No","Yes",1
100129722,"No","Yes",1
100129794,"Yes","No",1
100130207,"Yes","No",1
100130587,"No","Yes",1
100130894,"Yes","No",1
100131193,"No","Yes",1
100131551,"No","Yes",1
100131814,"Yes","No",1
100132891,"No","Yes",1
100133205,"Yes","No",1
100133941,"Yes","No",1
100192386,"No","Yes",1
100287082,"No","Yes",1
100289098,"Yes","No",1
100303728,"Yes","No",1
100379224,"No","Yes",1
100381270,"No","Yes",1
100422737,"Yes","No",1
100499171,"No","Yes",1
100505664,"No","Yes",1
100505746,"No","Yes",1
100505761,"Yes","No",1
100505851,"Yes","No",1
100505854,"Yes","No",1
100505881,"Yes","No",1
100505920,"No","Yes",1
100505994,"No","Yes",1
100506119,"Yes","No",1
100506412,"No","Yes",1
100506465,"No","Yes",1
100506495,"Yes","No",1
100506658,"Yes","No",1
100506713,"No","Yes",1
100506755,"No","Yes",1
100506776,"Yes","No",1
100506915,"Yes","No",1
100507032,"Yes","No",1
100507308,"No","Yes",1
100507347,"Yes","No",1
100507433,"Yes","No",1
100507500,"No","Yes",1
100507588,"No","Yes",1
100507651,"No","Yes",1
100526760,"No","Yes",1
100533183,"No","Yes",1
100533970,"Yes","No",1
100534595,"No","Yes",1
100820829,"Yes","No",1
100861520,"No","Yes",1
100862680,"Yes","No",1
100874173,"No","Yes",1
100874253,"No","Yes",1
100996492,"No","Yes",1
101059953,"Yes","No",1
101060376,"No","Yes",1
101926906,"No","Yes",1
101927062,"Yes","No",1
101927178,"Yes","No",1
101927244,"No","Yes",1
101927347,"Yes","No",1
101927917,"No","Yes",1
101928198,"Yes","No",1
101928470,"No","Yes",1
101928744,"Yes","No",1
101928844,"Yes","No",1
101928857,"No","Yes",1
101929412,"No","Yes",1
101929705,"Yes","No",1
102682016,"No","Yes",1
102723471,"No","Yes",1
102724023,"Yes","No",1
102724344,"Yes","No",1
102724362,"Yes","No",1
102724515,"Yes","No",1
102724550,"No","Yes",1
102724560,"No","Yes",1
102724652,"No","Yes",1
102724951,"No","Yes",1
103352539,"Yes","No",1
105369213,"No","Yes",1
105369340,"No","Yes",1
105369635,"No","Yes",1
105369779,"Yes","No",1
105369920,"No","Yes",1
105370027,"Yes","No",1
105371267,"Yes","No",1
105372833,"No","Yes",1
105372978,"No","Yes",1
105374428,"No","Yes",1
105375050,"No","Yes",1
105375304,"Yes","No",1
105375666,"Yes","No",1
105376843,"No","Yes",1
105377108,"No","Yes",1
105377443,"Yes","No",1
105377924,"Yes","No",1
105379030,"No","Yes",1
107984156,"No","Yes",1
107984178,"Yes","No",1
109729181,"Yes","No",1
123466215,"No","Yes",1
124188259,"No","Yes",1
124904967,"No","Yes",1
128966597,"Yes","No",1
